symbol,Price,Trailing P/E,Forward P/E,Price/Sales (ttm),Forward Price/Sales,Price/Book (mrq),Price/CashFlow,Quick Ratio,Current Ratio,Total Debt to Equity (mrq),Total Debt to Capital,Return on Equity,Return on Assets,Return on Invested Capital (ttm),Book Value/Market Value,Asset Turnover,Inventory Turnover (ttm),EBITDA,Operating Margin,Profit Margin,Gross Margin ttm,Revenue,Market Cap,Enterprise Value,Enterprise Value/Revenue,Enterprise Value/EBITDA,Date
S&P 500 Aerospace & Defense Mean,283.872727272727,23.8181818181818,20.8254545454546,2.52818181818182,2.31636363636364,3.31727272727273,11.9072727272727,1.04272727272727,0.984545454545455,37.7054545454545,57.6209090909091,11.7954545454545,3.64,4.51909090909091,26.8272727272727,0.402727272727273,12.6272727272727,2203636363.63636,9.70272727272727,5.31181818181818,14.4527272727273,12889090909,60000000000,72734545454.5455,3.05636363636364,38.4854545454546,2023-04-28 00:00:00
S&P 500 Aerospace & Defense Mean,292.553636363636,24.3418181818182,200.291818181818,2.58636363636364,2.39636363636364,3.37545454545455,21.6654545454546,1.04454545454545,1.56727272727273,51.5518181818182,57.86,10.9181818181818,4.37181818181818,4.44090909090909,26.3190909090909,0.546363636363636,12.6272727272727,3350000000,13.0836363636364,7.26454545454545,22.8018181818182,24277272727.0909,61199090909.0909,73739090909.0909,3.12818181818182,-15.7645454545455,2023-04-22 00:00:00
S&P 500 Aerospace & Defense Mean,293.760909090909,24.3009090909091,200.244545454545,2.58454545454545,2.40727272727273,3.39090909090909,23.3036363636364,1.04454545454545,1.68727272727273,67.8836363636364,57.86,16.0709090909091,5.19,4.44090909090909,26.3381818181818,0.661818181818182,12.6272727272727,4133636363.63636,14.1127272727273,8.05454545454545,23.9581818181818,30275454545.2727,60884545454.5455,73400000000,3.12363636363636,-15.8045454545454,2023-04-14 00:00:00
S&P 500 Aerospace & Defense Mean,288.187272727273,19.0763636363636,17.4381818181818,2.13272727272727,2.34636363636364,2.76,22.8227272727273,1.04454545454545,1.68727272727273,67.8836363636364,57.86,16.0709090909091,5.19,4.44090909090909,19.54,0.661818181818182,12.6272727272727,4133636363.63636,14.1127272727273,8.05454545454545,23.9581818181818,30275454545.2727,54390909090.9091,66962727272.7273,2.63090909090909,3.60545454545455,2023-04-08 00:00:00
S&P 500 Aerospace & Defense Mean,286.933636363636,18.3963636363636,50.6018181818182,2.08727272727273,2.34454545454546,2.64454545454545,22.8009090909091,1.04454545454545,1.68727272727273,67.8836363636364,57.86,16.0709090909091,5.19,4.17636363636364,20.3954545454546,0.676363636363636,12.1990909090909,4133636363.63636,14.1127272727273,8.05454545454545,23.9581818181818,30275454545.2727,55850000000,67903636363.6364,2.59545454545454,-17.1327272727273,2023-04-01 00:00:00
S&P 500 Aerospace & Defense Mean,276.450909090909,23.1254545454545,53.8972727272727,2.44636363636364,2.25909090909091,3.23181818181818,21.9,1.04454545454545,1.68727272727273,67.8836363636364,57.86,16.0709090909091,5.19,4.44090909090909,27.3818181818182,0.661818181818182,12.6272727272727,4133636363.63636,14.1127272727273,8.05454545454545,23.9581818181818,30275454545.2727,58104545454.5455,70620909090.8182,2.99272727272727,-15.1,2023-03-24 00:00:00
S&P 500 Aerospace & Defense Mean,280.500909090909,17.7981818181818,50.9690909090909,2.18818181818182,2.28181818181818,2.72818181818182,22.2145454545455,1.04454545454545,1.68727272727273,67.8836363636364,57.5909090909091,16.0709090909091,5.19,4.49272727272727,19.6890909090909,0.661818181818182,12.6272727272727,4133636363.63636,14.1127272727273,8.05454545454545,23.9581818181818,30275454545.2727,56890909090.9091,68990000000,2.63181818181818,-18.0409090909091,2023-03-18 00:00:00
S&P 500 Aerospace & Defense Mean,285.914545454545,24.9272727272727,56.7654545454546,2.63909090909091,2.33181818181818,3.42636363636364,22.59,1.04454545454545,1.68727272727273,67.8836363636364,57.5909090909091,16.0709090909091,5.19,5.95545454545455,25.5609090909091,0.685454545454546,13.2290909090909,4133636363.63636,14.1127272727273,8.05454545454545,23.9581818181818,30275454545.2727,61408181818.1818,73922727272.7273,3.18181818181818,-15.6690909090909,2023-03-11 00:00:00
S&P 500 Aerospace & Defense Mean,293.193636363636,24.5218181818182,54.9445454545455,2.58363636363636,2.40181818181818,3.38545454545455,23.2672727272727,1.03909090909091,1.68727272727273,67.8836363636364,57.4690909090909,16.0709090909091,5.19,5.96909090909091,25.7072727272727,0.685454545454546,13.2290909090909,4133636363.63636,14.1127272727273,8.05454545454545,23.9581818181818,30275454545.2727,60085454545.4545,72600000000,3.12636363636364,-14.7009090909091,2023-03-04 00:00:00
S&P 500 Aerospace & Defense Mean,292.078181818182,24.4690909090909,56.6145454545455,2.60181818181818,2.37909090909091,3.42363636363636,19.3336363636364,1.03909090909091,1.70818181818182,67.66,57.4690909090909,16.0718181818182,5.19,5.96909090909091,25.4163636363636,0.685454545454546,13.2290909090909,4133636363.63636,14.1127272727273,8.05454545454545,23.9581818181818,30275454545.2727,61078181818.1818,73624545454.4545,3.14454545454545,-14.9181818181818,2023-02-25 00:00:00
S&P 500 Aerospace & Defense Mean,292.381818181818,24.6627272727273,56.5327272727273,2.62636363636364,2.39909090909091,3.40818181818182,19.4618181818182,1.02454545454545,1.69363636363636,66.9881818181818,57.2854545454545,16.0718181818182,5.17909090909091,6.03636363636364,25.1136363636364,0.685454545454546,13.2290909090909,4131818181.81818,14.0827272727273,8.05545454545454,23.3009090909091,30273636363.4545,61234545454.5455,73752727272.7273,3.16818181818182,-15.5663636363636,2023-02-17 00:00:00
S&P 500 Aerospace & Defense Mean,290.05,11.9863636363636,14.2136363636364,1.33,2.39454545454545,2.36272727272727,20.5336363636364,1.01090909090909,1.69,69.5909090909091,57.6827272727273,16.3554545454545,5.19,6.10909090909091,17.0709090909091,0.682727272727273,13.2290909090909,4130909090.90909,14.1427272727273,8.03363636363636,23.0954545454546,30239999999.8182,48421818181.8182,55207272727.2727,1.56818181818182,-0.221818181818181,2023-02-11 00:00:00
S&P 500 Aerospace & Defense Mean,284.303636363636,15.5890909090909,12.1636363636364,1.89727272727273,2.37181818181818,2.05454545454545,20.5827272727273,1.01090909090909,1.66727272727273,68.7554545454545,57.8245454545455,16.3554545454545,5.11454545454545,6.08454545454545,13.6118181818182,0.681818181818182,13.2290909090909,4091818181.81818,13.9818181818182,7.98090909090909,22.7236363636364,30221818181.6364,46876363636.3636,58073636363.5455,2.34636363636364,1.17727272727273,2023-02-04 00:00:00
S&P 500 Aerospace & Defense Mean,300.79,23.485,18.30625,2.7325,2.5375,3.06875,19.215,1.05625,1.77875,52.7925,61.2625,13.81625,4.42125,6.93625,23.9275,0.6375,6.48875,4085125000,13.47125,7.61875,23.42,34983749999.75,66271250000,81876249999.875,3.37875,2.895,2023-01-29 00:00:00
S&P 500 Aerospace & Defense Mean,271.78,24.5827272727273,23.6390909090909,2.55818181818182,2.33363636363636,3.21,35.0909090909091,1.00363636363636,1.65090909090909,64.7745454545455,58.5245454545455,17.0718181818182,5.13,6.30090909090909,24.6009090909091,0.669090909090909,13.2290909090909,3839090909.09091,13.7309090909091,7.50818181818182,23.3727272727273,29311818181.7273,59545454545.3636,72401818181.8182,3.14,10.4445454545455,2023-01-20 00:00:00
S&P 500 Aerospace & Defense Mean,286.28,25.3509090909091,24.3672727272727,2.63909090909091,2.45090909090909,3.36,36.7745454545455,1.00363636363636,1.65090909090909,64.7745454545455,58.5245454545455,17.0718181818182,5.13,6.30090909090909,23.6318181818182,0.669090909090909,13.2290909090909,3839090909.09091,13.7309090909091,7.50818181818182,23.3727272727273,29311818181.7273,62202727272.6364,75060000000,3.21818181818182,10.7845454545454,2023-01-13 00:00:00
S&P 500 Aerospace & Defense Mean,284.858181818182,25.0072727272727,23.57,2.57090909090909,2.40727272727273,3.41090909090909,35.9809090909091,1.00363636363636,1.65090909090909,64.7745454545455,58.5245454545455,17.0718181818182,5.13,6.30090909090909,23.6136363636364,0.669090909090909,13.2290909090909,3839090909.09091,13.7309090909091,7.50818181818182,23.3727272727273,29311818181.7273,62056363636.3636,74912727272.7273,3.17,10.8418181818182,2023-01-06 00:00:00
S&P 500 Aerospace & Defense Mean,285.664545454545,24.67,23.2981818181818,2.53636363636364,2.40181818181818,3.38,34.9881818181818,1.00363636363636,1.65090909090909,64.7745454545455,58.5245454545455,17.0718181818182,5.13,6.30090909090909,23.7527272727273,0.669090909090909,13.2290909090909,3839090909.09091,13.7309090909091,7.50818181818182,23.3727272727273,29311818181.7273,60669090909,73526363636.3636,3.12090909090909,10.8727272727273,2022-12-31 00:00:00
S&P 500 Aerospace & Defense Mean,281.711818181818,24.6827272727273,23.3072727272727,2.53363636363636,2.37090909090909,3.38909090909091,34.6072727272727,1.00363636363636,1.65090909090909,64.7745454545455,58.5245454545455,17.0718181818182,5.13,6.30090909090909,23.7327272727273,0.669090909090909,13.2290909090909,3839090909.09091,13.7309090909091,7.50818181818182,23.3727272727273,29311818181.7273,60833636363.4545,73690000000,3.12,10.8809090909091,2022-12-26 00:00:00
S&P 500 Aerospace & Defense Mean,282.24,24.6054545454545,23.0672727272727,2.51545454545455,2.37181818181818,3.36454545454546,34.3627272727273,1.00363636363636,1.65090909090909,64.7745454545455,58.5245454545455,17.0718181818182,5.13,6.30090909090909,23.5545454545455,0.669090909090909,13.2290909090909,3839090909.09091,13.7309090909091,7.50818181818182,23.3727272727273,29311818181.7273,60131818181.7273,72989090909.0909,3.10181818181818,10.9009090909091,2022-12-19 00:00:00
S&P 500 Aerospace & Defense Mean,285.597272727273,25.3418181818182,21.41,2.58545454545455,2.39090909090909,3.44181818181818,34.3190909090909,1.00363636363636,1.65090909090909,64.7745454545455,58.5245454545455,17.0718181818182,5.13,6.30090909090909,22.7345454545455,0.669090909090909,13.2290909090909,3839090909.09091,13.7309090909091,7.50818181818182,23.3727272727273,29311818181.7273,61058181818.0909,73915454545.3636,3.16818181818182,11.2681818181818,2022-12-10 00:00:00
S&P 500 Aerospace & Defense Mean,287.989090909091,47.9527272727273,20.91,3.50181818181818,2.41636363636364,3.40181818181818,34.3009090909091,1.00363636363636,1.65090909090909,64.7745454545455,58.5245454545455,17.0718181818182,5.13,6.30090909090909,23.0363636363636,0.669090909090909,13.2290909090909,3839090909.09091,13.7309090909091,7.50818181818182,23.3727272727273,29311818181.7273,59924545454.4545,72781818181.8182,3.12727272727273,11.2472727272727,2022-12-03 00:00:00
S&P 500 Aerospace & Defense Mean,286.191818181818,21.6645454545455,19.6545454545455,2.07090909090909,2.40454545454546,3.39,34.0436363636364,1.00363636363636,1.65090909090909,64.7745454545455,58.5245454545455,17.0718181818182,5.13,6.30090909090909,23.1927272727273,0.669090909090909,13.2290909090909,3839090909.09091,13.7309090909091,7.50818181818182,23.3727272727273,29311818181.7273,60050909090.9091,72908181818.1818,3.15272727272727,11.2427272727273,2022-11-26 00:00:00
S&P 500 Aerospace & Defense Mean,278.515454545454,24.4481818181818,20.5409090909091,2.49454545454545,2.32181818181818,3.33181818181818,33.2745454545455,1.00363636363636,1.65090909090909,64.7745454545455,58.5245454545455,17.0718181818182,5.13,6.30090909090909,23.6736363636364,0.669090909090909,13.2290909090909,3839090909.09091,13.7309090909091,7.50818181818182,23.3727272727273,29311818181.7273,58909090909.0909,71766363636.2727,3.08090909090909,10.9645454545454,2022-11-19 00:00:00
S&P 500 Aerospace & Defense Mean,291.29,25.4836363636364,21.0136363636364,2.62,2.42545454545454,3.43545454545455,31.2809090909091,1.11090909090909,1.29090909090909,64.7745454545455,57.8572727272727,17.0718181818182,4.45727272727273,6.26090909090909,23.6281818181818,0.669090909090909,13.2290909090909,3839090909.09091,13.7309090909091,7.50818181818182,18.1663636363636,29311818181.7273,60696363636.3636,73489090909.0909,3.15181818181818,11.36,2022-11-12 00:00:00
S&P 500 Aerospace & Defense Mean,276.925454545455,24.6472727272727,18.9036363636364,2.50272727272727,2.32727272727273,3.39,25.5581818181818,1.11090909090909,1.54636363636364,53.2863636363636,57.8572727272727,16.0381818181818,4.57818181818182,6.26090909090909,23.7818181818182,0.62,13.2290909090909,3712727272.72727,12.0890909090909,6.76818181818182,20.3145454545454,28770909090.8182,58514545454.5455,71288181818.0909,3.07909090909091,11.3163636363636,2022-11-05 00:00:00
S&P 500 Aerospace & Defense Mean,276.241818181818,23.15,17.5636363636364,2.43818181818182,2.31636363636364,3.30454545454546,27.4372727272727,1.11090909090909,1.75545454545454,63.6872727272727,57.8572727272727,17.5690909090909,5.13727272727273,6.26090909090909,24.0127272727273,0.663636363636364,13.2290909090909,3866363636.36364,13.8136363636364,7.89727272727273,22.7363636363636,29228181818.1818,56446363636.1818,69321818181.8182,3.01909090909091,11.1845454545455,2022-10-28 00:00:00
S&P 500 Aerospace & Defense Mean,260.698181818182,21.6172727272727,16.3827272727273,2.28818181818182,2.16727272727273,3.07454545454546,16.6309090909091,1.11090909090909,1.77818181818182,64.6036363636364,57.8572727272727,17.4681818181818,5.22181818181818,6.26090909090909,26.1372727272727,0.660909090909091,13.2290909090909,4085363636.36364,14.1754545454545,8.27363636363636,22.8245454545455,29049090909.0909,52883636363.6364,65885454545.4545,2.88181818181818,5.49545454545455,2022-10-22 00:00:00
S&P 500 Aerospace & Defense Mean,251.78,22.0390909090909,15.7554545454545,2.28727272727273,2.10727272727273,3.10090909090909,16.4109090909091,1.11090909090909,1.77727272727273,65.1409090909091,57.8572727272727,17.29,5.05727272727273,6.26090909090909,25.9263636363636,0.66,13.2290909090909,3951727272.72727,13.9709090909091,8.11545454545455,22.8354545454545,28999090909.0909,52445454545.4545,65521818181.8182,2.88181818181818,5.92454545454545,2022-10-16 00:00:00
S&P 500 Aerospace & Defense Mean,251.718181818182,22.2527272727273,15.7672727272727,2.31636363636364,2.12545454545455,3.06727272727273,16.4218181818182,1.11090909090909,1.77727272727273,65.1409090909091,57.8572727272727,17.29,5.05727272727273,6.26090909090909,25.8281818181818,0.66,13.2290909090909,3951727272.72727,13.9709090909091,8.11545454545455,22.8354545454545,28999090909.0909,52093636363.6364,65170909090.9091,2.90727272727273,5.95,2022-10-08 00:00:00
S&P 500 Aerospace & Defense Mean,243.601818181818,21.27,15.0336363636364,2.21636363636364,1.51666666666667,2.93818181818182,1.84545454545455,1.11090909090909,0.359090909090909,16.5463636363636,57.8572727272727,5.99545454545455,1.42636363636364,6.26090909090909,27.0245454545454,0.18,13.2290909090909,1287181818.18182,2.7,1.46727272727273,4.18363636363636,12194545454.5455,50108181818.0909,63184545454.4545,2.81181818181818,5.71818181818182,2022-10-01 00:00:00
S&P 500 Aerospace & Defense Mean,258.109090909091,21.9245454545454,15.6781818181818,2.29363636363636,2.15909090909091,3.05363636363636,16.6045454545455,1.11090909090909,1.77727272727273,65.1409090909091,57.8572727272727,17.29,5.05727272727273,6.26090909090909,26.3481818181818,0.66,13.2290909090909,3951727272.72727,13.9709090909091,8.11545454545455,22.8354545454545,28999090909.0909,52208181818.0909,65282727272.7273,2.88636363636364,5.60363636363636,2022-09-24 00:00:00
S&P 500 Aerospace & Defense Mean,261.91,23.3590909090909,15.3627272727273,2.46,2.22363636363636,3.15,16.7381818181818,1.11090909090909,1.77727272727273,65.1409090909091,57.8572727272727,17.29,5.05727272727273,6.26090909090909,25.3672727272727,0.66,13.2290909090909,3951727272.72727,13.9709090909091,8.11545454545455,22.8354545454545,28999090909.0909,54218181818.1818,67292727272.7273,3.03818181818182,5.75727272727273,2022-09-16 00:00:00
S&P 500 Aerospace & Defense Mean,267.542727272727,23.0990909090909,15.2781818181818,2.42818181818182,2.28272727272727,3.13636363636364,17.0036363636364,1.11090909090909,1.77727272727273,65.1409090909091,57.8572727272727,17.29,5.05727272727273,6.26090909090909,25.5863636363636,0.66,13.2290909090909,3951727272.72727,13.9709090909091,8.11545454545455,22.8354545454545,28999090909.0909,54350000000,67427272727.2727,3.01636363636364,5.62545454545455,2022-09-09 00:00:00
S&P 500 Aerospace & Defense Mean,263.585454545455,23.3636363636364,11.96,2.47363636363636,2.25,3.16181818181818,16.7663636363636,1.11090909090909,1.77727272727273,65.1409090909091,57.8572727272727,17.29,5.05727272727273,6.26090909090909,25.4881818181818,0.66,13.2290909090909,3951727272.72727,13.9709090909091,8.11545454545455,22.8354545454545,28999090909.0909,55559090909.0909,68634545454.5455,3.06,5.28454545454546,2022-09-03 00:00:00
S&P 500 Aerospace & Defense Mean,278.824545454546,23.9281818181818,14.7472727272727,2.52363636363636,2.39363636363636,3.22,17.64,1.11090909090909,1.77727272727273,65.1409090909091,57.8572727272727,17.29,5.05727272727273,6.26090909090909,24.8790909090909,0.66,13.2290909090909,3951727272.72727,13.9709090909091,8.11545454545455,22.8354545454545,28999090909.0909,56294545454.4545,69371818181.8182,3.10727272727273,5.70636363636364,2022-08-27 00:00:00
S&P 500 Aerospace & Defense Mean,279.990909090909,24.9181818181818,15.2572727272727,2.63454545454546,2.41454545454545,3.30909090909091,17.7872727272727,1.11090909090909,1.77727272727273,65.1409090909091,57.8572727272727,17.29,5.05727272727273,6.26090909090909,24.0763636363636,0.66,13.2290909090909,3951727272.72727,13.9709090909091,8.11545454545455,22.8354545454545,28999090909.0909,58363636363.6364,71440909090.9091,3.21363636363636,5.72818181818182,2022-08-19 00:00:00
S&P 500 Aerospace & Defense Mean,273.863636363636,24.3527272727273,14.9209090909091,2.57727272727273,2.38090909090909,3.22454545454546,13.9763636363636,1.14272727272727,1.35090909090909,65.1409090909091,57.8045454545454,17.29,4.42363636363636,6.25545454545455,24.71,0.66,13.2290909090909,3958090909.09091,14.1090909090909,8.11545454545455,22.8354545454545,28999090909.0909,57023636363.6364,70100000000,3.16,5.55363636363636,2022-08-13 00:00:00
S&P 500 Aerospace & Defense Mean,272.441818181818,24.7654545454545,168.093636363636,2.58818181818182,2.36,3.23181818181818,17.5136363636364,1.14727272727273,1.81,64.8372727272727,57.8945454545455,17.29,5.02181818181818,6.25909090909091,24.5518181818182,0.659090909090909,13.2290909090909,3939000000,13.8618181818182,8.31,22.9954545454545,28982727272.7273,57074545454.5455,70135454545.4545,3.18181818181818,5.86818181818182,2022-08-06 00:00:00
S&P 500 Aerospace & Defense Mean,261.330909090909,23.7663636363636,167.288181818182,2.46636363636364,2.27454545454545,3.06,10.7754545454545,1.17181818181818,1.68636363636364,55.7672727272727,58.2181818181818,12.8018181818182,3.92727272727273,6.55909090909091,25.5181818181818,0.581818181818182,13.2290909090909,3132636363.63636,11.8281818181818,6.64454545454546,21.1618181818182,25795454545.4545,54539090909,67420000000,3.05454545454546,5.88272727272727,2022-07-29 00:00:00
S&P 500 Aerospace & Defense Mean,259.022727272727,22.9645454545455,31.4490909090909,2.35636363636364,2.24636363636364,3.12,16.44,1.17181818181818,1.85272727272727,66.1518181818182,58.2181818181818,17.1809090909091,4.63545454545454,6.55909090909091,25.9718181818182,0.653636363636364,13.2290909090909,3690181818.18182,12.9536363636364,7.98818181818182,23.1763636363636,28979090909,53023636363.5455,65790000000,2.96545454545454,4.42272727272727,2022-07-22 00:00:00
S&P 500 Aerospace & Defense Mean,248.398181818182,23.4945454545455,31.0463636363636,2.39727272727273,2.12181818181818,3.25727272727273,15.7836363636364,1.17181818181818,1.85272727272727,67.4772727272727,58.2181818181818,19.3318181818182,4.81272727272727,6.55909090909091,24.9745454545455,0.656363636363636,13.2290909090909,3829272727.27273,13.1427272727273,8.18090909090909,23.1454545454545,29122727272.6364,54579090909.0909,67346363636.3636,3,4.79818181818182,2022-07-16 00:00:00
S&P 500 Aerospace & Defense Mean,256.868181818182,23.6136363636364,31.1990909090909,2.41272727272727,2.18363636363636,3.30181818181818,16.4890909090909,1.17181818181818,1.85272727272727,67.4772727272727,58.2181818181818,19.3318181818182,5.00454545454545,6.55909090909091,24.7890909090909,0.656363636363636,13.2290909090909,3937454545.45455,13.5881818181818,8.18090909090909,23.1454545454545,29122727272.6364,55427272727.2727,68194545454.5455,3.01363636363636,4.84818181818182,2022-07-09 00:00:00
S&P 500 Aerospace & Defense Mean,256.948181818182,23.2763636363636,30.9263636363636,2.37363636363636,2.18454545454545,3.23090909090909,16.4718181818182,1.17181818181818,1.85272727272727,67.4772727272727,58.2181818181818,19.3318181818182,5.15909090909091,6.55909090909091,25.1381818181818,0.656363636363636,13.2290909090909,4060181818.18182,13.8763636363636,8.18090909090909,23.0509090909091,29122727272.6364,54258181818.1818,67024545454.5455,2.97818181818182,4.72363636363637,2022-07-02 00:00:00
S&P 500 Aerospace & Defense Mean,247.324545454546,22.8118181818182,30.3845454545454,2.13181818181818,2.11,3.18454545454545,15.8290909090909,1.17181818181818,1.85272727272727,67.4772727272727,58.2181818181818,19.3318181818182,5.15909090909091,6.55909090909091,25.7972727272727,0.656363636363636,13.2290909090909,4060181818.18182,13.8763636363636,8.18090909090909,23.0509090909091,29122727272.6364,53380909090.8182,66149090909.0909,2.93272727272727,4.57727272727273,2022-06-24 00:00:00
S&P 500 Aerospace & Defense Mean,242.431818181818,23.1072727272727,30.0109090909091,2.35818181818182,2.06636363636364,3.18,15.4863636363636,1.17181818181818,1.85272727272727,67.4772727272727,58.2181818181818,19.3318181818182,5.15909090909091,6.55909090909091,25.6372727272727,0.656363636363636,13.2290909090909,4060181818.18182,13.8763636363636,8.18090909090909,23.0509090909091,29122727272.6364,53137272727.2727,65904545454.5455,2.96363636363636,4.79909090909091,2022-06-18 00:00:00
S&P 500 Aerospace & Defense Mean,264.713636363636,23.3,18.7,2.36454545454545,2.30272727272727,3.21727272727273,17.3754545454545,1.17181818181818,1.85272727272727,67.4772727272727,58.2181818181818,19.3318181818182,5.15909090909091,6.55909090909091,25.2609090909091,0.656363636363636,13.2290909090909,4060181818.18182,13.8763636363636,8.18090909090909,23.0509090909091,29122727272.6364,52808181818.1818,65573636363.6364,2.96909090909091,6.27,2022-06-11 00:00:00
S&P 500 Aerospace & Defense Mean,268.807272727273,23.3,18.7,2.36454545454545,2.34454545454545,3.21727272727273,17.6236363636364,1.17181818181818,1.85272727272727,67.4772727272727,58.2181818181818,19.3318181818182,5.15909090909091,6.55909090909091,25.2609090909091,0.656363636363636,13.2290909090909,4060181818.18182,13.8763636363636,8.18090909090909,23.0509090909091,29122727272.6364,52808181818.1818,65573636363.6364,2.96909090909091,6.27,2022-06-04 00:00:00
S&P 500 Aerospace & Defense Mean,262.560909090909,20.3854545454546,16.9972727272727,2.17454545454545,2.26363636363636,3.04909090909091,17.1654545454545,1.17181818181818,1.85272727272727,67.4772727272727,58.2181818181818,19.3318181818182,5.15909090909091,6.55909090909091,20.3436363636364,0.656363636363636,13.2290909090909,4060181818.18182,13.8763636363636,8.18090909090909,23.0509090909091,29122727272.6364,40629090909.0909,50934545454.5455,2.74363636363636,4.91636363636364,2022-05-28 00:00:00
S&P 500 Aerospace & Defense Mean,251.882727272727,21.8763636363636,17.4790909090909,2.28181818181818,2.17272727272727,3.08363636363636,16.5263636363636,1.18090909090909,1.85272727272727,67.4772727272727,58.0372727272727,19.3318181818182,5.15909090909091,6.53818181818182,20.31,0.656363636363636,13.2290909090909,4060181818.18182,13.8763636363636,8.18090909090909,23.0509090909091,29122727272.6364,52335454545.3636,64961818181.8182,2.87909090909091,5.44090909090909,2022-05-21 00:00:00
S&P 500 Aerospace & Defense Mean,253.846363636364,23.7163636363636,19.3318181818182,2.42181818181818,2.18,3.26272727272727,13.3527272727273,1.19,1.85,67.7190909090909,58.0790909090909,19.2745454545455,5.08727272727273,6.52545454545455,25.1672727272727,0.651818181818182,13.2290909090909,4048454545.45455,13.7836363636364,7.99090909090909,23.2836363636364,29071818181.7273,53844545454.5455,66548181818.1818,3.01090909090909,6.35818181818182,2022-05-13 00:00:00
S&P 500 Aerospace & Defense Mean,270.709090909091,25.1536363636364,20.4163636363636,2.59090909090909,0,3.36181818181818,13.8981818181818,1.20545454545454,1.85,67.7190909090909,58.4836363636364,19.2745454545455,5.08727272727273,6.51909090909091,21.7772727272727,0.651818181818182,13.2290909090909,4048454545.45455,13.7836363636364,7.99090909090909,23.2836363636364,29071818181.7273,55053636363.6364,60290909090.8182,3.16545454545455,4.52909090909091,2022-05-07 00:00:00
S&P 500 Aerospace & Defense Mean,274.206363636364,25.2281818181818,19.0509090909091,2.49545454545455,0,3.08545454545455,15.9972727272727,1.21090909090909,1.85909090909091,69.1445454545455,58.2054545454545,19.8745454545455,5.10909090909091,6.56636363636364,20.96,0.651818181818182,13.2290909090909,4184636363.63636,13.9145454545455,8.17727272727273,23.5454545454546,29275454545.4545,51657272727.2727,62745454545.4545,3.03636363636364,5.12545454545455,2022-04-30 00:00:00
S&P 500 Aerospace & Defense Mean,281.292727272727,28.7190909090909,22.0327272727273,2.78090909090909,0,3.45272727272727,15.9490909090909,1.22181818181818,1.85909090909091,69.1445454545455,58.3045454545454,19.8745454545455,5.10909090909091,6.20090909090909,22.9136363636364,0.651818181818182,13.2290909090909,4184636363.63636,13.9145454545455,8.17727272727273,23.5454545454546,29275454545.4545,61097272727.2727,73217272727.2727,3.36909090909091,-50.7427272727273,2022-04-23 00:00:00
S&P 500 Aerospace & Defense Mean,287.976363636364,28.38,21.3772727272727,2.75454545454545,0,3.41636363636364,16.2474096209029,1.27181818181818,1.85909090909091,69.1445454545455,-33.6801975067383,19.8745454545455,5.10909090909091,8.23783324169055,22.8301153497358,0.655454545454546,13.2509090909091,4184636363.63636,13.9145454545455,8.17727272727273,23.5467651956617,29275454545.4545,60081818181.8182,72046363636.3636,3.34,-49.1845454545454,2022-04-17 00:00:00
S&P 500 Aerospace & Defense Mean,284.641818181818,26.1163636363636,20.1563636363636,2.53454545454546,0,3.14090909090909,16.2734835926733,1.27181818181818,1.87181818181818,69.0545454545455,-33.6801975067383,19.7236363636364,5.11545454545455,8.26287810959398,23.2914348135733,0.656363636363636,13.2509090909091,4191909090.90909,13.9209090909091,8.01545454545455,23.4797152156229,29303636363.6364,55883636363.6364,67224545454.5455,3.09636363636364,-54.6954545454546,2022-04-09 00:00:00
S&P 500 Aerospace & Defense Mean,285.518181818182,28.8690909090909,22.0754545454546,2.81363636363636,0,3.36545454545455,16.1214273016001,1.27181818181818,1.85909090909091,69.1445454545455,-33.6801975067383,19.8745454545455,5.10909090909091,7.95919594498752,23.2703638919897,0.650909090909091,13.2509090909091,4184636363.63636,13.9145454545455,8.17727272727273,23.5467651956617,29275454545.4545,60536363636.3636,72502727272.7273,3.39272727272727,-53.8809090909091,2022-04-03 00:00:00
S&P 500 Aerospace & Defense Mean,288.247272727273,28.5809090909091,21.7827272727273,2.77181818181818,0,3.37363636363636,16.3991989281913,1.27181818181818,1.85909090909091,69.1445454545455,-33.6801975067383,19.8745454545455,5.10909090909091,8.23783324169055,22.8753784356378,0.655454545454546,13.2509090909091,4184636363.63636,13.9145454545455,8.17727272727273,23.5467651956617,29275454545.4545,60212727272.7273,72179090909.0909,3.35272727272727,-51.9745454545455,2022-03-28 00:00:00
S&P 500 Aerospace & Defense Mean,274.951818181818,27.1390909090909,20.7990909090909,2.63727272727273,0,3.26363636363636,15.4693969910193,1.27181818181818,1.85909090909091,69.1445454545455,-33.6801975067383,19.8745454545455,5.10909090909091,8.23783324169055,24.0985984587827,0.655454545454546,13.2509090909091,4184636363.63636,13.9145454545455,8.17727272727273,23.5467651956617,29275454545.4545,57904545454.5455,69870909090.9091,3.22090909090909,-49.4181818181818,2022-03-19 00:00:00
S&P 500 Aerospace & Defense Mean,271.304545454546,27.6918181818182,21.3490909090909,2.70545454545455,0,3.19727272727273,16.0038794793329,1.27181818181818,1.86272727272727,69.1463636363636,-33.6801975067383,19.8236363636364,5.09818181818182,7.95919594498752,24.0823210868939,0.650909090909091,13.2509090909091,4151909090.90909,13.87,8.10454545454546,23.0637885678909,29218181818.1818,58517272727.2727,70483636363.6364,3.27272727272727,-55.22,2022-03-12 00:00:00
S&P 500 Aerospace & Defense Mean,284.139090909091,27.6918181818182,21.3490909090909,2.70545454545455,0,3.19727272727273,15.9400981876419,1.29636363636364,1.87454545454545,70.1009090909091,-33.6801975067383,18.2990909090909,4.71,7.75171847392897,22.8993199655621,0.658181818181818,13.2509090909091,3908272727.27273,13.0881818181818,7.52090909090909,23.5199157711381,29418181818.1818,58517272727.2727,70483636363.6364,3.27272727272727,-55.22,2022-03-05 00:00:00
S&P 500 Aerospace & Defense Mean,270.765454545454,24.7172727272727,20.8418181818182,2.50454545454545,0,3.04181818181818,12.9733400562378,1.29636363636364,1.87363636363636,68.8545454545455,-36.4792049118064,19.7236363636364,5.10636363636364,8.6363003789738,24.5419838473696,0.698181818181818,13.2509090909091,4194130000,13.8945454545454,8.01545454545455,23.5059853012926,29303636363.6364,56609090909.0909,68578181818.1818,3.18636363636364,-57.6263636363636,2022-02-26 00:00:00
S&P 500 Aerospace & Defense Mean,261.145454545455,20.3309090909091,17.4945454545455,2.11818181818182,0,2.42545454545454,12.1237904412544,1.29,1.88454545454545,68.5318181818182,-36.4792049118064,19.8745454545455,5.05454545454545,8.71656482765593,25.7476365208838,0.698181818181818,13.2581818181818,4145948181.81818,13.6872727272727,8.17727272727273,22.9782342826532,29275454545.4545,38250909090.9091,46885454545.4545,2.74181818181818,-60.01,2022-02-19 00:00:00
S&P 500 Aerospace & Defense Mean,262.5,24.4709090909091,21.0090909090909,2.50909090909091,0,3.09545454545455,12.1388706240158,1.29,1.88454545454545,68.1918181818182,-33.0313218479076,19.8745454545455,5.03909090909091,8.69840739145805,25.5400498908043,0.689090909090909,13.2581818181818,4152766363.63636,13.6527272727273,8.17727272727273,22.9360037431667,29275454545.4545,57140000000,69070909090.9091,3.19454545454545,-62.2518181818182,2022-02-12 00:00:00
S&P 500 Aerospace & Defense Mean ,271.901,22.891,18.936,2.299,0.0,2.731,10.57,1.209,1.887,74.123,60.906,20.569,4.891,7.857,20.564,0.687,13.791,3097442999.9,12.98,7.596,23.063,25921000000.0,41793000000.0,51160000000.0,3.007,-65.338,2022-02-05
S&P 500 Aerospace & Defense Mean ,265.49,24.052,17.026,2.43,0.0,3.003,12.151,1.254,1.867,73.032,62.743,22.219,5.361,5.033,18.274,0.74,13.983,3241842999.9,13.95,8.204,22.744,25791000000.0,41706000000.0,51181999999.9,3.082,-62.79,2022-01-28
S&P 500 Aerospace & Defense Mean ,276.569,25.774,18.393,2.579,0.0,3.352,17.337,1.254,1.942,79.762,62.743,21.674,4.982,5.033,21.011,0.736,13.983,2887409999.9,13.465,6.856,21.751,25927999999.9,46625999999.9,57407000000.0,3.267,10.18,2022-01-22
S&P 500 Aerospace & Defense Mean ,280.137,23.455,16.406,2.435,0.0,3.069,17.566,1.254,1.942,79.762,62.743,21.674,4.982,5.033,17.533,0.736,13.983,2887409999.9,13.465,6.856,21.751,25927999999.9,44813999999.9,55435000000.0,3.116,8.817,2022-01-15
S&P 500 Aerospace & Defense Mean,276.857,25.673,18.314,2.57,0,3.344,17.45,1.254,1.942,79.762,62.743,21.674,4.982,5.033,21.167,0.736,13.983,2887409999.9,13.465,6.856,21.751,25927999999.9,46475999999.9,57256000000,3.259,10.133,2022-01-08 00:00:00
S&P 500 Aerospace & Defense Mean,272.509,25.673,18.314,2.57,0,3.344,17.068,1.254,1.942,79.762,62.743,21.674,4.982,5.033,21.167,0.736,13.983,2887409999.9,13.465,6.856,21.751,25927999999.9,46475999999.9,57256000000,3.259,10.133,2022-01-01 00:00:00
S&P 500 Aerospace & Defense Mean,266.144,25.673,18.314,2.57,0,3.344,16.531,1.254,1.942,79.762,62.743,21.674,4.982,5.033,21.167,0.736,13.983,2887409999.9,13.465,6.856,21.751,25927999999.9,46475999999.9,57256000000,3.259,10.133,2021-12-23 00:00:00
S&P 500 Aerospace & Defense Mean ,263.31,25.673,18.314,2.57,0.0,3.344,16.373,1.254,1.942,79.762,62.743,21.674,4.982,5.033,21.167,0.736,13.983,2887409999.9,13.465,6.856,21.751,25927999999.9,46475999999.9,57256000000.0,3.259,10.133,2021-12-18
S&P 500 Aerospace & Defense Mean ,266.55,25.449,18.18,2.549,0.0,3.304,16.573,1.254,1.942,79.762,62.743,21.674,4.982,5.033,21.463,0.736,13.983,2887409999.9,13.465,6.856,21.751,25927999999.9,46098000000.0,56878000000.0,3.24,9.972,2021-12-11
S&P 500 Aerospace & Defense Mean ,257.455,24.095,17.282,2.415,0.0,3.175,14.916,1.254,1.515,57.901,62.743,11.212,3.659,5.033,22.554,0.48,13.983,1612409999.9,11.739,6.437,27.25,9147000000.0,44267000000.0,55047000000.0,3.12,9.557,2021-12-04
S&P 500 Aerospace & Defense Mean ,267.97,25.695,18.159,2.572,0.0,3.312,16.627,1.254,1.942,79.762,62.781,21.674,4.982,5.055,21.328,0.736,13.983,2887409999.9,13.465,6.856,21.751,25927999999.9,45894000000.0,56671999999.9,3.26,10.178,2021-11-28
S&P 500 Aerospace & Defense Mean ,274.063,27.692,18.627,2.68,0.0,3.322,12.882,1.237,1.519,79.762,62.894,21.674,4.393,5.061,21.228,0.739,13.994,2878410000.0,13.288,6.856,21.668,25927999999.9,47654000000.0,58457999999.9,3.361,10.031,2021-11-19
S&P 500 Aerospace & Defense Mean ,273.079,22.86,16.331,2.387,0.0,2.939,17.318,1.263,1.93,79.762,61.415,21.674,4.922,5.563,18.342,0.738,13.994,2868410000.0,13.127,6.618,22.175,25916999999.9,45812000000.0,56253000000.0,3.022,8.549,2021-11-13
S&P 500 Aerospace & Defense Mean ,270.06,27.485,17.282,2.671,0.0,3.37,17.724,1.287,1.92,72.507,62.167,22.39,4.99,5.5,20.352,0.737,13.994,2861410000.0,12.996,6.735,22.269,25899999999.9,47698000000.0,58366000000.0,3.367,10.351,2021-11-06
S&P 500 Aerospace & Defense Mean ,270.647,28.269,18.413,2.758,0.0,3.943,14.797,1.279,1.943,72.176,63.104,22.242,4.961,6.058,19.222,0.736,13.994,2913020000.0,12.991,6.65,22.256,25897999999.9,47998999999.9,58648000000.0,3.41,12.363,2021-10-30
S&P 500 Aerospace & Defense Mean ,285.103,28.096,18.364,2.745,0.0,4.07,19.076,1.279,2.007,80.172,63.104,28.049,5.033,6.058,19.46,0.725,13.994,2911940000.0,12.957,6.74,22.71,25795000000.0,49104999999.8,59784999999.9,3.497,11.899,2021-10-23
S&P 500 Aerospace & Defense Mean ,278.77,27.796,18.363,2.728,0.0,4.006,18.708,1.279,2.007,80.172,63.104,28.049,5.033,6.058,19.837,0.725,13.994,2911940000.0,12.957,6.74,22.71,25795000000.0,49125999999.9,59807000000.0,3.478,11.613,2021-10-15
S&P 500 Aerospace & Defense Mean ,277.913,27.614,18.12,2.709,0.0,3.894,18.801,1.279,2.007,80.172,63.104,28.049,5.033,6.058,20.395,0.725,13.994,2911940000.0,12.957,6.74,22.71,25795000000.0,48009999999.9,58691000000.0,3.462,11.501,2021-10-09
S&P 500 Aerospace & Defense Mean ,268.968,26.766,17.482,2.621,0.0,3.791,18.214,1.279,2.007,80.172,63.104,28.049,5.033,6.058,20.721,0.725,13.994,2911940000.0,12.957,6.74,22.71,25795000000.0,46434999999.9,57115999999.8,3.373,11.321,2021-10-02
S&P 500 Aerospace & Defense Mean ,270.298,26.766,17.482,2.621,0.0,3.791,18.382,1.279,2.007,80.172,63.104,28.049,5.033,6.058,20.721,0.725,13.994,2911940000.0,12.957,6.74,22.71,25795000000.0,46434999999.9,57115999999.8,3.373,11.321,2021-09-25
S&P 500 Aerospace & Defense Mean ,264.814,23.9,17.573,2.643,0.0,3.833,18.059,1.279,2.007,80.172,63.104,28.049,5.033,6.058,16.142,0.725,13.994,2911940000.0,12.957,6.74,22.71,25795000000.0,42157000000.0,57309999999.9,3.122,11.42,2021-09-18
S&P 500 Aerospace & Defense Mean ,269.69,27.111,17.703,2.647,0.0,3.921,18.379,1.279,2.007,80.172,63.104,28.049,5.033,6.058,19.912,0.725,13.994,2911940000.0,12.957,6.74,22.71,25795000000.0,47416000000.0,58097000000.0,3.404,11.592,2021-09-11
S&P 500 Aerospace & Defense Mean ,276.367,27.832,12.665,2.718,0.0,3.999,18.723,1.279,2.007,80.172,63.104,28.049,5.033,6.058,19.541,0.725,13.994,2911940000.0,12.957,6.74,22.71,25795000000.0,48497999999.9,59178000000.0,3.478,11.795,2021-09-04
S&P 500 Aerospace & Defense Mean ,273.342,27.692,15.585,2.706,0.0,4.001,18.617,1.279,2.007,80.172,63.104,28.049,5.033,6.058,19.711,0.725,13.994,2911940000.0,12.957,6.74,22.71,25795000000.0,48232999999.9,58913000000.0,3.469,11.772,2021-08-27
S&P 500 Aerospace & Defense Mean ,269.014,27.594,16.79,2.703,0.0,3.989,18.337,1.279,2.007,80.172,63.104,28.049,5.033,6.058,19.746,0.725,13.994,2914280000.0,12.957,6.74,22.71,25795000000.0,48350000000.0,59028000000.0,3.463,11.702,2021-08-20
S&P 500 Aerospace & Defense Mean ,277.73,28.084,17.129,2.757,0.0,4.036,18.75,1.321,2.007,80.172,63.37,28.049,5.033,6.078,19.436,0.725,13.994,2914280000.0,12.957,6.74,22.71,25795000000.0,49651000000.0,60317000000.0,3.512,11.654,2021-08-13
S&P 500 Aerospace & Defense Mean ,276.268,40.834,17.009,2.762,0.0,3.988,19.31,1.24,1.968,81.257,63.506,27.535,4.887,6.115,19.693,0.724,13.994,2892280000.0,12.712,5.714,22.921,25781000000.0,48683999999.9,59392000000.0,3.539,12.035,2021-08-07
S&P 500 Aerospace & Defense Mean ,281.003,49.63,17.412,2.912,0.0,3.695,17.051,1.665,1.965,80.985,64.772,26.715,4.734,6.353,15.021,0.715,13.994,2851900000.0,12.476,5.389,23.073,25666000000.0,47722000000.0,60023000000.0,3.59,11.554,2021-07-31
S&P 500 Aerospace & Defense Mean ,278.017,48.53,17.311,2.849,0.0,4.489,19.765,1.665,2.357,86.09,64.772,27.856,4.672,6.353,17.789,0.701,13.994,2454390000.0,11.606,4.911,23.483,25008000000.0,48807999999.9,59219000000.0,3.558,14.686,2021-07-26
S&P 500 Aerospace & Defense Mean ,275.2,48.697,17.306,2.833,0.0,4.466,19.573,1.665,2.357,86.09,64.772,27.856,4.672,6.353,17.908,0.701,13.994,2454390000.0,11.606,4.911,23.483,25008000000.0,48378000000.0,58786999999.9,3.54,14.631,2021-07-17
S&P 500 Aerospace & Defense Mean ,276.504,48.802,17.422,2.844,0.0,4.473,19.569,1.665,2.357,86.09,64.772,27.856,4.672,6.353,18.017,0.701,13.994,2454390000.0,11.606,4.911,23.483,25008000000.0,49516999999.9,59928999999.9,3.548,14.46,2021-07-09
S&P 500 Aerospace & Defense Mean ,279.038,48.505,17.3,2.827,0.0,4.452,20.035,1.665,2.357,86.09,64.772,27.856,4.672,6.353,18.113,0.701,13.994,2454390000.0,11.606,4.911,23.483,25008000000.0,49177999999.9,59590000000.0,3.528,14.379,2021-07-03
S&P 500 Aerospace & Defense Mean ,282.19,49.674,17.519,2.889,0.0,4.467,20.085,1.665,2.357,86.09,64.772,27.856,4.672,6.353,18.095,0.701,13.994,2454390000.0,11.606,4.911,23.483,25008000000.0,50044000000.0,60455000000.0,3.59,14.494,2021-06-26
S&P 500 Aerospace & Defense Mean ,280.365,49.364,17.488,2.878,0.0,4.503,19.959,1.665,2.357,86.09,64.772,27.856,4.672,6.353,17.894,0.701,13.994,2454390000.0,11.606,4.911,23.483,25008000000.0,49990000000.0,60400000000.0,3.582,14.573,2021-06-19
S&P 500 Aerospace & Defense Mean ,282.513,46.256,16.016,2.891,0.0,4.088,18.97,1.665,2.222,76.644,64.772,25.635,4.162,6.353,9.324,0.624,13.994,1943390000.0,10.508,4.089,24.2677777777778,21152000000.0,44705000000.0,61133000000.0,3.595,12.75,2021-06-11
S&P 500 Aerospace & Defense Mean ,282.087,49.536,17.887,2.89,0.0,4.547,18.996,1.665,2.222,76.644,64.772,25.635,4.162,6.353,17.718,0.624,13.994,1943390000.0,10.508,4.089,24.2677777777778,21152000000.0,50730000000.0,61140999999.9,3.601,14.593,2021-06-05
S&P 500 Aerospace & Defense Mean ,279.941,48.423,19.392,2.84,0.0,4.549,19.005,1.665,2.222,76.644,64.772,25.635,4.162,6.353,17.729,0.624,13.994,1943390000.0,10.508,4.089,24.2677777777778,21152000000.0,50572000000.0,60983000000.0,3.547,14.424,2021-05-29
S&P 500 Aerospace & Defense Mean ,271.656,47.077,19.331,2.763,0.0,4.509,19.574,1.735,2.357,86.09,65.382,27.856,4.672,6.351,17.682,0.701,13.994,2454390000.0,11.606,4.911,23.483,25008000000.0,49011000000.0,59422000000.0,3.469,14.294,2021-05-22
S&P 500 Aerospace & Defense Mean ,269.672,45.683,18.746,2.713,0.0,4.364,17.431,1.735,2.222,76.644,65.382,25.635,4.162,6.351,18.389,0.624,13.994,1943390000.0,10.508,4.089,24.2677777777778,21152000000.0,48302000000.0,58714000000.0,3.296,13.451,2021-05-14
S&P 500 Aerospace & Defense Mean ,274.761,32.289,269.158,2.692,0.0,4.421,166.13,1.74,2.299,78.546,64.943,26.104,4.328,6.405,18.154,0.628,13.994,1984390000.0,10.856,4.776,23.6555555555556,21218000000.0,48585999999.9,58900000000.0,3.244,12.878,2021-05-08
S&P 500 Aerospace & Defense Mean ,273.891,34.834,46.081,2.716,0.0,4.364,164.303,1.319,2.279,80.896,62.827,24.438,4.299,6.705,18.529,0.626,13.994,1975635000.0,10.813,4.192,23.6922222222222,21160000000.0,48426000000.0,58697999999.9,3.259,14.124,2021-05-01
S&P 500 Aerospace & Defense Mean ,267.89,34.002,40.84,2.657,0.0,4.41,163.288,1.315,1.855,74.023,63.137,24.462,4.346,6.533,18.936,0.627,13.994,1871920000.0,10.567,4.237,23.7288888888889,21327000000.0,48172000000.0,51351000000.0,3.202,12.502,2021-04-23
S&P 500 Aerospace & Defense Mean ,273.025,34.518,42.789,2.706,0.0,4.416,167.739,1.315,1.856,76.818,62.76,25.148,4.351,6.579,19.281,0.626,13.994,1850920000.0,10.552,4.229,23.7422222222222,21266000000.0,49047000000.0,58860000000.0,3.244,13.626,2021-04-17
S&P 500 Aerospace & Defense Mean ,270.023,33.903,42.436,2.662,0.0,4.364,164.79,1.315,1.856,76.818,62.76,25.148,4.351,6.579,19.548,0.626,13.994,1850920000.0,10.552,4.229,23.7422222222222,21266000000.0,48727999999.9,58541000000.0,3.204,13.412,2021-04-10
S&P 500 Aerospace & Defense Mean ,262.773,32.913,41.39,2.589,0.0,4.26,165.955,1.315,1.856,76.818,62.76,25.148,4.351,6.579,19.911,0.626,13.994,1850920000.0,10.552,4.229,23.7422222222222,21266000000.0,47812999999.9,57622999999.9,3.133,13.096,2021-04-02
S&P 500 Aerospace & Defense Mean ,257.887,32.076,40.387,2.526,0.0,4.114,161.978,1.315,1.856,76.818,62.76,25.148,4.351,6.579,20.791,0.626,13.994,1850920000.0,10.552,4.229,23.7422222222222,21266000000.0,46381000000.0,56192000000.0,3.074,12.764,2021-03-27
S&P 500 Aerospace & Defense Mean ,258.17,32.56,42.322,2.556,0.0,4.074,163.932,1.315,1.856,76.818,62.76,25.148,4.351,6.579,20.642,0.626,13.994,1850920000.0,10.552,4.229,23.7422222222222,21266000000.0,47211000000.0,57021000000.0,3.103,12.714,2021-03-20
S&P 500 Aerospace & Defense Mean ,251.497,31.379,38.492,2.471,0.0,3.956,163.03,1.315,1.856,76.818,62.76,25.148,4.351,6.579,21.321,0.626,13.994,1850920000.0,10.552,4.229,23.7422222222222,21266000000.0,44460000000.0,54269000000.0,3.022,12.579,2021-03-13
S&P 500 Aerospace & Defense Mean ,240.882,30.785,38.232,2.426,0.0,3.877,152.663,1.352,1.856,76.818,62.965,25.148,4.351,5.575,21.979,0.626,13.967,1850920000.0,10.552,4.229,23.7422222222222,21266000000.0,44037000000.0,53847000000.0,2.979,12.305,2021-03-05
S&P 500 Aerospace & Defense Mean ,242.603,31.603,38.599,2.488,0.0,3.97,144.834,9.387,1.895,76.326,58.263,25.148,4.237,-111.682,23.043,0.819,13.508,1796887000.0,10.194,4.229,23.7066666666667,21266000000.0,44760999999.9,54574000000.0,3.039,13.221,2021-02-26
S&P 500 Aerospace & Defense Mean ,243.702,31.096,42.329,2.416,0.0,3.898,143.491,1.348,1.895,76.326,62.535,25.148,4.995,12.19,21.496,0.433,11.417,3078887000.0,13.172,8.313,23.5533333333333,21266000000.0,43230000000.0,52986000000.0,2.969,16.295,2021-02-20
S&P 500 Aerospace & Defense Mean ,241.428,31.176,36.666,2.405,0.0,3.92,147.692,1.348,1.87,75.514,62.535,25.147,4.985,12.19,21.544,0.433,11.417,3075887000.0,13.13,8.313,23.4688888888889,21266000000.0,43138000000.0,52893000000.0,2.957,16.207,2021-02-14
S&P 500 Aerospace & Defense Mean ,242.546,27.726,35.308,2.297,0.0,3.744,13.814,1.348,1.874,79.417,62.535,25.348,5.181,12.434,23.142,0.462,11.501,3148887000.0,12.674,8.528,22.5844444444444,22026000000.0,41478000000.0,51141000000.0,2.794,15.411,2021-02-05
S&P 500 Aerospace & Defense Mean ,236.213333333333,25.3811111111111,25.6266666666667,2.18222222222222,0.0,4.4,12.91,1.31222222222222,1.86444444444445,84.1611111111111,66.7288888888889,27.61,5.59333333333333,13.45,19.1577777777778,0.468888888888889,11.55,3638763333.33333,13.6711111111111,8.79222222222222,22.595,22452222222.2222,41841111111.1111,51757777777.6667,2.70888888888889,17.3155555555556,2021-01-30
S&P 500 Aerospace & Defense Mean ,238.277,25.5,26.859,2.205,0.0,4.245,15.769,1.288,1.807,85.342,62.75,23.775,4.523,10.873,22.034,0.69,12.276,2737810000.0,11.952,6.981,23.8488888888889,22644999999.9,41876000000.0,51697000000.0,2.796,17.275,2021-01-22
S&P 500 Aerospace & Defense Mean ,245.022,25.506,26.868,2.206,0.0,4.247,16.358,1.288,1.807,85.342,62.75,23.775,4.523,10.873,22.022,0.69,12.276,2737810000.0,11.952,6.981,23.8488888888889,22644999999.9,41879000000.0,51701000000.0,2.797,17.278,2021-01-16
S&P 500 Aerospace & Defense Mean ,238.844,25.533,25.659,2.219,0.0,4.209,15.845,1.288,1.807,85.342,62.75,23.775,4.523,10.873,22.654,0.69,12.276,2737810000.0,11.952,6.981,23.8488888888889,22644999999.9,41867000000.0,51688000000.0,2.808,17.253,2021-01-09
S&P 500 Aerospace & Defense Mean ,246.197,26.325,26.133,2.3,0.0,4.363,16.351,1.288,1.807,85.342,62.75,23.775,4.523,10.873,22.051,0.69,12.276,2737810000.0,11.952,6.981,23.8488888888889,22644999999.9,43187999999.9,53007999999.9,2.877,17.688,2021-01-02
S&P 500 Aerospace & Defense Mean ,244.628,25.737,25.765,2.255,0.0,4.322,16.164,1.288,1.807,85.342,62.75,23.775,4.523,10.873,22.442,0.69,12.276,2737810000.0,11.952,6.981,23.8488888888889,22644999999.9,42998000000.0,52817000000.0,2.83,17.506,2020-12-26
S&P 500 Aerospace & Defense Mean ,243.552,26.01,26.184,2.288,0.0,4.37,15.919,1.288,1.807,85.342,62.75,23.775,4.523,10.873,22.322,0.69,12.276,2737810000.0,11.952,6.981,23.8488888888889,22644999999.9,43687999999.9,53508000000.0,2.861,17.668,2020-12-19
S&P 500 Aerospace & Defense Mean ,246.754,25.951,26.587,2.3,0.0,4.386,15.956,1.288,1.807,85.342,62.75,23.775,4.623,10.873,22.273,0.69,12.276,2974810000.0,12.342,6.981,23.8488888888889,22644999999.9,44331999999.9,54151000000.0,2.875,17.882,2020-12-12
S&P 500 Aerospace & Defense Mean ,246.761,25.872,26.477,2.297,0.0,4.384,15.728,1.288,1.807,85.342,62.75,23.775,4.623,10.873,22.405,0.69,12.276,2974810000.0,12.342,6.981,23.8488888888889,22644999999.9,44643000000.0,54462000000.0,2.875,17.839,2020-12-07
S&P 500 Aerospace & Defense Mean ,248.307,25.91,23.083,2.29,0.0,4.449,15.729,1.288,1.807,85.342,62.75,23.775,4.623,10.873,22.41,0.69,12.276,2974810000.0,12.342,6.981,23.8488888888889,22644999999.9,44068999999.9,53889000000.0,2.867,17.679,2020-11-28
S&P 500 Aerospace & Defense Mean ,245.006,25.202,22.142,2.221,0.0,4.398,15.418,1.288,1.807,85.342,62.75,23.775,4.623,10.873,22.736,0.69,12.276,2974810000.0,12.342,6.981,23.8488888888889,22644999999.9,42632000000.0,52453000000.0,2.8,17.213,2020-11-21
S&P 500 Aerospace & Defense Mean ,233.248,22.633,19.724,2.084,0.0,4.265,11.94,1.267,1.376,85.342,62.962,23.775,3.959,11.004,23.71,0.695,12.362,2965809999.9,12.167,6.981,23.7611111111111,22644999999.9,40477000000.0,50317999999.9,2.651,16.205,2020-11-13
S&P 500 Aerospace & Defense Mean ,221.43,21.115,18.199,1.945,0.0,4.1,12.778,1.267,1.781,85.581,0.629,23.811,4.777,10.993,25.573,0.699,12.406,3019810000.0,12.679,7.398,23.7533333333333,22747999999.9,38221000000.0,48068000000.0,2.51,15.245,2020-11-08
S&P 500 Aerospace & Defense Mean,277.420909090909,22.1936363636364,20.7318181818182,2.40818181818182,2.26363636363636,3.21454545454545,16.2236363636364,1.04454545454545,1.38636363636364,49.1436363636363,58.0154545454545,13.1890909090909,4.21090909090909,4.36727272727273,27.1690909090909,0.530909090909091,12.6272727272727,4026363636.36364,11.8809090909091,6.80545454545455,19.9554545454546,29384545454.4545,58842727272.7273,71623636363.6364,3.03090909090909,38.4818181818182,2023-05-07 00:00:00
S&P 500 Aerospace & Defense Mean,281.319090909091,22.6409090909091,20.7954545454546,2.43090909090909,2.30727272727273,3.15727272727273,15.8427272727273,1.03545454545454,1.28909090909091,67.0190909090909,58.1609090909091,16.0309090909091,4.49,4.35272727272727,27.8518181818182,0.643636363636364,12.6272727272727,4010909090.90909,10.3272727272727,6.52545454545455,18.5981818181818,30391818181.7273,58805454545.4545,71811818181.8182,3.02636363636364,38.5045454545455,2023-05-13 00:00:00
S&P 500 Aerospace & Defense Mean,286.804545454546,22.6409090909091,20.7954545454546,2.43181818181818,2.32818181818182,3.15727272727273,19.8627272727273,0.964545454545454,1.55818181818182,67.0190909090909,57.9154545454545,16.0309090909091,5.22727272727273,4.34909090909091,27.9290909090909,0.672727272727273,12.6272727272727,4263636363.63636,14.2154545454546,8.12272727272727,23.39,30928181818.0909,58666363636.3636,71671818181.8182,3.02454545454545,38.27,2023-05-20 00:00:00
S&P 500 Aerospace & Defense Mean,269.070833333333,29.84,24.005,3.19333333333333,2.86333333333333,3.77916666666667,26.3516666666667,1.11333333333333,1.70583333333333,65.6941666666667,55.8925,15.6008333333333,5.005,4.03,26.2825,0.663333333333333,11.8225,3918606666.66667,13.67,8.3425,26.185,28457499999.9167,55064166666.6667,66943333333.3333,3.72583333333333,45.205,2023-05-27 00:00:00
S&P 500 Aerospace & Defense Mean,270.118333333333,29.76,23.945,3.19083333333333,2.85083333333333,3.77333333333333,26.3816666666667,1.11333333333333,1.70583333333333,65.6941666666667,55.8925,15.6008333333333,4.985,4.03,26.555,0.663333333333333,11.8225,3875273333.33333,13.61,8.3425,26.185,28457499999.9167,54783333333.3333,66662500000,3.72166666666667,45.7625,2023-06-03 00:00:00
S&P 500 Aerospace & Defense Mean,280.52,30.7383333333333,23.4666666666667,3.24166666666667,2.94916666666667,3.81416666666667,27.29,1.11333333333333,1.70583333333333,65.6941666666667,55.8925,15.6008333333333,4.985,4.03,26.1983333333333,0.663333333333333,11.8225,3875273333.33333,13.61,8.3425,26.185,28457499999.9167,56289166666.6667,68349166666.6667,3.745,46.5,2023-06-10 00:00:00
S&P 500 Aerospace & Defense Mean,283.449166666667,30.69,23.3266666666667,3.24,3,3.7825,27.7466666666667,1.11333333333333,1.70583333333333,65.6941666666667,55.8925,15.6008333333333,4.985,4.03,25.9325,0.663333333333333,11.8225,3875273333.33333,13.61,8.3425,26.185,28457499999.9167,56305000000,68366666666.6667,3.80416666666667,47.0666666666667,2023-06-16 00:00:00
S&P 500 Aerospace & Defense Mean,284.08,31.0983333333333,24.4108333333333,3.28083333333333,2.98666666666667,3.83,27.5033333333333,1.11333333333333,1.70583333333333,65.6941666666667,55.8925,15.6008333333333,4.985,4.03,25.7391666666667,0.663333333333333,11.8225,3875273333.33333,13.61,8.3425,26.185,28457499999.9167,56604166666.6667,68664166666.5833,3.8075,46.35,2023-06-23 00:00:00
S&P 500 Aerospace & Defense Mean,288.364166666667,31.0733333333333,24.3775,3.28916666666667,3.03083333333333,3.78666666666667,27.8341666666667,1.11333333333333,1.70583333333333,0.65695,55.8925,15.6008333333333,4.985,4.03,25.6716666666667,0.663333333333333,11.8225,3875273333.33333,13.61,8.3425,26.185,28457499999.9167,56245833333.25,68309166666.5833,3.8325,46.23,2023-06-30 00:00:00
S&P 500 Aerospace & Defense Mean,287.878333333333,31.5083333333333,24.6983333333333,3.32916666666667,3.0025,3.85,27.525,1.11333333333333,1.70583333333333,0.65695,55.8925,15.6008333333333,4.985,4.03,25.7108333333333,0.663333333333333,11.8225,3875273333.33333,13.61,8.3425,26.185,28457499999.9167,56430000000,68493333333.3333,3.8,46.0283333333333,2023-07-08 00:00:00
S&P 500 Aerospace & Defense Mean,291.978333333333,31.7141666666667,24.8691666666667,3.35333333333333,3.05416666666667,3.8825,28.1566666666667,1.11333333333333,1.7175,0.659433333333333,55.8925,15.5158333333333,4.9625,4.03,25.38,0.664166666666667,11.8225,3858606666.66667,13.5466666666667,8.30166666666667,26.1616666666667,28499999999.9167,56969166666.6667,69030000000,3.8575,46.7975,2023-07-14 00:00:00
S&P 500 Aerospace & Defense Mean,289.231666666667,30.895,24.5341666666667,3.29083333333333,3.00166666666667,3.8575,26.4225,1.11333333333333,1.60916666666667,0.524658333333333,55.8925,10.6908333333333,4.22333333333333,4.03,25.4583333333333,0.5575,11.8225,3135273333.33333,12.5975,7.585,25.105,22987499999.9167,56417499999.9167,68536666666.5833,3.79583333333333,45.7675,2023-07-21 00:00:00
