symbol,Price,Price/Sales (ttm),Price/Book (mrq),Price/CashFlow,Quick Ratio,Current Ratio,Total Debt to Equity (mrq),Total Debt to Capital,Return on Equity,Return on Assets,Return on Invested Capital (ttm),Book Value/Market Value,Asset Turnover,Inventory Turnover (ttm),EBITDA,Operating Margin,Profit Margin,Gross Margin ttm,Revenue,Market Cap,Enterprise Value,Enterprise Value/Revenue,Enterprise Value/EBITDA,Trailing P/E,Forward P/E,Date,Forward Price/Sales
SP500 ElecEquip Instr Comps Mean ,183.072857142857,4.06857142857143,9.49714285714286,20.8014285714286,1.89714285714286,2.70428571428571,115.477142857143,35.7914285714286,33.2814285714286,8.62428571428572,13.0557142857143,18.8057142857143,0.941428571428571,6.33,2067290000.0,17.9371428571429,14.4442857142857,36.0414285714286,10322857142.8571,31897142857.1429,34045714285.7143,4.02428571428571,17.7214285714286,0.0,0.0,2022-02-05,0.0
SP500 ElecEquip Instr Comps Mean ,173.074285714286,3.98714285714286,9.18714285714286,19.7842857142857,1.87285714285714,2.70428571428571,115.465714285714,36.9685714285714,33.2814285714286,8.62428571428572,11.9771428571429,19.3557142857143,0.961428571428572,6.21,2067290000.0,17.9357142857143,14.4442857142857,36.0414285714286,10322857142.8571,30364285714.2857,32665714285.7143,3.89428571428572,17.0685714285714,0.0,0.0,2022-01-28,0.0
SP500 ElecEquip Instr Comps Mean ,183.572857142857,4.56142857142857,10.23,20.9257142857143,1.87285714285714,2.70571428571429,119.202857142857,36.9685714285714,32.9457142857143,8.60428571428571,11.9771428571429,17.68,0.95,6.21,2048718571.42857,18.0814285714286,14.0857142857143,34.2514285714286,10148571428.5714,33704285714.2857,36002857142.8571,4.52142857142857,19.88,0.0,0.0,2022-01-22,0.0
SP500 ElecEquip Instr Comps Mean ,192.662857142857,3.71714285714286,9.85714285714286,22.0171428571429,1.87285714285714,2.70571428571429,119.202857142857,36.9685714285714,32.9457142857143,8.60428571428571,9.63857142857143,13.1442857142857,0.95,6.21,2048718571.42857,18.0814285714286,14.0857142857143,34.2514285714286,10148571428.5714,32977142857.1429,35485714285.7143,3.83428571428571,17.7071428571429,0.0,0.0,2022-01-15,0.0
SP500 ElecEquip Instr Comps Mean,200.897142857143,4.61714285714286,10.3214285714286,22.8271428571429,1.87285714285714,2.70571428571429,119.202857142857,36.9685714285714,32.9457142857143,8.60428571428571,9.63857142857143,17.5428571428571,0.95,6.21,2048718571.42857,18.0814285714286,14.0857142857143,34.2514285714286,10148571428.5714,34248571428.5714,36545714285.7143,4.57428571428571,20.11,0.0,0.0,2022-01-08 00:00:00,0.0
SP500 ElecEquip Instr Comps Mean,209.342857142857,3.71714285714286,9.85714285714286,23.4685714285714,1.87285714285714,2.70571428571429,119.202857142857,36.9685714285714,32.9457142857143,8.60428571428571,9.63857142857143,13.1442857142857,0.95,6.21,2048718571.42857,18.0814285714286,14.0857142857143,34.2514285714286,10148571428.5714,32977142857.1429,35485714285.7143,3.83428571428571,17.7071428571429,29.3357142857143,21.6642857142857,2022-01-01 00:00:00,0.0
SP500 ElecEquip Instr Comps Mean,203.492857142857,4.61714285714286,10.3214285714286,22.7985714285714,1.87285714285714,2.70571428571429,119.202857142857,36.9685714285714,32.9457142857143,8.60428571428571,9.63857142857143,17.5428571428571,0.95,6.21,2048718571.42857,18.0814285714286,14.0857142857143,34.2514285714286,10148571428.5714,34248571428.5714,36545714285.7143,4.57428571428571,20.11,34.2328571428571,25.5885714285714,2021-12-23 00:00:00,0.0
SP500 ElecEquip Instr Comps Mean ,203.478571428571,4.61714285714286,10.3214285714286,22.6428571428571,1.87285714285714,2.70571428571429,119.202857142857,36.9685714285714,32.9457142857143,8.57428571428572,9.63857142857143,17.5428571428571,0.95,6.21,2044432857.14286,18.01,14.0857142857143,34.2514285714286,10148571428.5714,34248571428.5714,36545714285.7143,4.57428571428571,20.11,34.2328571428571,25.5885714285714,2021-12-18,0.0
SP500 ElecEquip Instr Comps Mean ,205.925714285714,4.56,10.1857142857143,22.8742857142857,1.90571428571429,2.70571428571429,119.202857142857,37.0757142857143,32.9457142857143,8.57428571428572,11.1885714285714,17.6385714285714,0.957142857142857,6.19142857142857,2044432857.14286,18.01,14.0857142857143,34.2514285714286,10148571428.5714,33614285714.1429,35914285714.2857,4.51857142857143,19.8157142857143,33.8128571428571,25.2385714285714,2021-12-11,0.0
SP500 ElecEquip Instr Comps Mean ,204.001428571429,4.47285714285714,9.90142857142857,10.88,1.90571428571429,0.81,98.8742857142857,37.0757142857143,24.0885714285714,4.87142857142857,11.1885714285714,17.8571428571429,0.657142857142857,6.19142857142857,1438571428.57143,8.57857142857143,6.82142857142857,28.51,7770000000.0,33485714285.7143,35784285714.2857,4.45571428571429,19.5928571428571,33.1742857142857,24.7928571428571,2021-12-04,0.0
SP500 ElecEquip Instr Comps Mean ,206.502857142857,4.31857142857143,5.71285714285714,22.9971428571429,1.90571428571429,2.70571428571429,119.202857142857,37.0757142857143,32.9457142857143,8.57428571428572,11.1885714285714,17.8528571428571,0.957142857142857,6.19142857142857,2044432857.14286,18.01,14.0857142857143,34.2514285714286,10148571428.5714,33907142857.1429,36204285714.1429,4.27,19.72,33.69,21.8657142857143,2021-11-29,0.0
SP500 ElecEquip Instr Comps Mean ,206.93,4.63,10.3371428571429,23.0842857142857,1.90571428571429,2.74285714285714,119.291428571429,37.1142857142857,32.6728571428571,8.51,11.2685714285714,17.29,0.955714285714286,6.18142857142857,2041575714.28571,17.89,13.9342857142857,32.7942857142857,10138571428.5714,34477142857.1429,36761428571.4286,4.59857142857143,20.2571428571429,34.7671428571429,25.7585714285714,2021-11-20,0.0
SP500 ElecEquip Instr Comps Mean ,201.601428571429,4.50142857142857,10.0071428571428,22.5942857142857,1.90714285714286,2.74285714285714,119.291428571429,36.5814285714286,32.6728571428571,8.51,11.2171428571429,17.7028571428571,0.955714285714286,6.18142857142857,2041575714.28571,17.89,13.9342857142857,32.7942857142857,10138571428.5714,33632857142.8571,35915714285.7143,4.47142857142857,19.7028571428571,33.8928571428572,25.0914285714286,2021-11-13,0.0
SP500 ElecEquip Instr Comps Mean ,201.171428571428,1.90285714285714,6.79142857142857,22.3671428571429,2.00571428571428,2.74714285714286,119.084285714286,36.4157142857143,31.99,8.42714285714286,8.95142857142857,3.85285714285714,0.957142857142857,6.18,2007290000.0,17.7557142857143,13.4571428571429,31.8214285714286,10060000000.0,15417142857.1429,16572857142.8571,1.93142857142857,9.31571428571428,14.61,11.25,2021-11-06,0.0
SP500 ElecEquip Instr Comps Mean ,187.461428571429,4.09428571428571,5.33714285714286,22.0928571428571,1.99857142857143,2.90428571428571,101.708571428571,36.7714285714286,30.4757142857143,8.35857142857143,8.93857142857143,17.9871428571429,0.937142857142857,6.18,1995295714.28571,17.6042857142857,13.0257142857143,32.4328571428572,9930000000.0,27465714285.7143,29022857142.8571,4.03428571428571,16.3414285714286,29.3271428571429,20.1685714285714,2021-10-30,0.0
SP500 ElecEquip Instr Comps Mean ,190.194285714286,4.31285714285714,8.72,22.5942857142857,1.99857142857143,2.85428571428571,103.52,36.7714285714286,30.6114285714286,8.32285714285714,8.93857142857143,18.0785714285714,0.927142857142857,6.18,1958152857.14286,17.5485714285714,13.1542857142857,32.8157142857143,9770000000.0,31464285714.1429,33694285714.2857,4.33285714285714,19.32,34.1757142857143,23.0885714285714,2021-10-23,0.0
SP500 ElecEquip Instr Comps Mean ,182.974285714286,4.17142857142857,8.47571428571429,21.7914285714286,1.99857142857143,2.85428571428571,103.52,36.7714285714286,30.6114285714286,8.32285714285714,8.93857142857143,18.7142857142857,0.927142857142857,6.18,1958152857.14286,17.5485714285714,13.1542857142857,32.8157142857143,9770000000.0,30334285714.1429,32565714285.7143,4.16857142857143,18.5585714285714,33.1142857142857,22.4271428571429,2021-10-15,0.0
SP500 ElecEquip Instr Comps Mean ,180.327142857143,4.17285714285714,8.67571428571429,21.46,1.99857142857143,2.85428571428571,103.52,36.7714285714286,30.6114285714286,8.32285714285714,8.93857142857143,18.8142857142857,0.927142857142857,6.18,1958152857.14286,17.5485714285714,13.1542857142857,32.8157142857143,9770000000.0,30484285714.2857,32711428571.4286,4.17,18.6628571428571,33.2614285714286,22.51,2021-10-09,0.0
SP500 ElecEquip Instr Comps Mean ,181.01,4.43571428571429,9.13571428571429,21.3214285714286,1.99857142857143,2.85428571428571,103.52,36.7714285714286,30.6114285714286,8.32285714285714,8.93857142857143,17.8928571428571,0.927142857142857,6.18,1958152857.14286,17.5485714285714,13.1542857142857,32.8157142857143,9770000000.0,31709999999.8571,33940000000.0,4.42857142857143,19.7342857142857,35.1457142857143,23.6157142857143,2021-10-02,0.0
SP500 ElecEquip Instr Comps Mean ,192.455714285714,4.43571428571429,9.13571428571429,22.55,1.99857142857143,2.85428571428571,103.52,36.7714285714286,30.6114285714286,8.32285714285714,8.93857142857143,17.8928571428571,0.927142857142857,6.18,1958152857.14286,17.5485714285714,13.1542857142857,32.8157142857143,9770000000.0,31709999999.8571,33940000000.0,4.42857142857143,19.7342857142857,35.1457142857143,23.6157142857143,2021-09-25,0.0
SP500 ElecEquip Instr Comps Mean ,198.528571428571,4.15857142857143,9.19857142857143,22.99,1.99857142857143,2.85428571428571,103.52,36.7714285714286,30.6114285714286,8.32285714285714,8.93857142857143,12.43,0.927142857142857,6.18,1958152857.14286,17.5485714285714,13.1542857142857,32.8157142857143,9770000000.0,27407142857.0,34322857142.8571,4.06857142857143,19.9671428571429,30.5271428571429,23.9071428571429,2021-09-18,0.0
SP500 ElecEquip Instr Comps Mean ,198.807142857143,4.32285714285714,8.24571428571429,23.0642857142857,1.99857142857143,2.85428571428571,103.52,36.7714285714286,30.6114285714286,8.32285714285714,8.93857142857143,17.5385714285714,0.927142857142857,6.18,1958152857.14286,17.5485714285714,13.1542857142857,32.8157142857143,9770000000.0,32345714285.7143,23128571428.5714,4.52714285714286,17.06,35.9428571428571,20.4357142857143,2021-09-11,0.0
SP500 ElecEquip Instr Comps Mean ,201.811428571429,4.57714285714286,9.51428571428572,23.3957142857143,1.99857142857143,2.85428571428571,103.52,36.7714285714286,30.6114285714286,8.32285714285714,8.93857142857143,17.22,0.927142857142857,6.18,1958152857.14286,17.5485714285714,13.1542857142857,32.8157142857143,9770000000.0,32977142857.1429,35204285714.2857,4.57285714285714,20.4214285714286,36.3985714285714,18.7642857142857,2021-09-04,0.0
SP500 ElecEquip Instr Comps Mean ,198.381428571429,4.53,9.37285714285714,23.02,1.95857142857143,2.85428571428571,103.52,36.9528571428571,30.6114285714286,8.32,8.99285714285714,17.2185714285714,0.927142857142857,6.18,1956724285.71429,17.5428571428571,13.1542857142857,32.8157142857143,9770000000.0,32597142857.1429,34828571428.4286,4.52,20.1685714285714,36.0642857142857,27.0385714285714,2021-08-28,0.0
SP500 ElecEquip Instr Comps Mean ,193.42,4.42857142857143,9.18857142857143,22.52,1.95857142857143,2.85428571428571,103.52,36.9528571428571,30.6114285714286,8.32,8.99285714285714,17.3728571428571,0.927142857142857,6.18,1956724285.71429,17.5428571428571,13.1542857142857,32.8157142857143,9770000000.0,32171428571.4286,34401428571.4286,4.42285714285714,19.77,35.4428571428571,26.5614285714286,2021-08-21,0.0
SP500 ElecEquip Instr Comps Mean ,195.434285714286,4.49428571428571,9.31857142857143,22.8757142857143,1.95285714285714,2.81142857142857,103.982857142857,37.2757142857143,30.5142857142857,8.24571428571429,8.92428571428571,17.3114285714286,0.922857142857143,6.18,1945295714.28571,17.3985714285714,13.0371428571429,33.2,9735714285.71428,32270000000.0,34524285714.2857,4.48857142857143,20.0471428571429,36.1614285714286,26.45,2021-08-14,0.0
SP500 ElecEquip Instr Comps Mean ,196.135714285714,4.56,9.21285714285714,23.0828571428571,2.1,2.81142857142857,103.982857142857,37.3528571428571,30.5142857142857,8.24571428571429,9.07142857142857,16.9585714285714,0.922857142857143,6.18,1945295714.28571,17.3985714285714,13.0371428571429,33.2,9735714285.71428,32112857142.8571,34367142857.0,4.55571428571429,20.7671428571429,36.43,26.69,2021-08-07,0.0
SP500 ElecEquip Instr Comps Mean ,195.312857142857,4.80714285714286,8.89142857142857,23.4585714285714,2.18285714285714,2.98714285714286,98.2857142857143,37.0371428571428,28.95,7.93142857142857,9.23428571428571,16.3857142857143,0.895714285714286,6.18,1920032857.14286,17.0385714285714,12.6171428571429,34.09,9554285714.28572,31897142857.1429,34138571428.5714,4.81428571428571,21.4942857142857,39.6171428571429,27.1242857142857,2021-07-31,0.0
SP500 ElecEquip Instr Comps Mean ,193.612857142857,4.87,8.88571428571428,23.7214285714286,2.23857142857143,3.10142857142857,97.6585714285714,36.63,27.2571428571429,7.49,9.16714285714286,17.1285714285714,0.874285714285714,6.18,1761461428.57143,16.4414285714286,11.6157142857143,35.0771428571429,9138571428.57143,31271428571.4286,33581428571.4286,4.89571428571429,22.3242857142857,40.7871428571428,26.78,2021-07-27,0.0
SP500 ElecEquip Instr Comps Mean ,186.961428571429,4.72428571428571,8.59714285714286,23.0357142857143,2.23857142857143,3.10142857142857,97.6585714285714,36.63,27.2571428571429,7.49,9.16714285714286,17.6814285714286,0.874285714285714,6.18,1761461428.57143,16.4414285714286,11.6157142857143,35.0771428571429,9138571428.57143,30275714285.7143,32585714285.7143,4.75,21.6571428571429,39.5285714285714,25.93,2021-07-17,0.0
SP500 ElecEquip Instr Comps Mean ,188.054285714286,4.73571428571429,8.69571428571428,22.9157142857143,2.23857142857143,3.10142857142857,97.6585714285714,36.63,27.2571428571429,7.49,9.16714285714286,17.5328571428571,0.874285714285714,6.18,1761461428.57143,16.4414285714286,11.6157142857143,35.0771428571429,9138571428.57143,30770000000.0,33078571428.5714,4.76285714285714,21.8085714285714,39.78,26.1528571428571,2021-07-09,0.0
SP500 ElecEquip Instr Comps Mean ,188.307142857143,4.73571428571429,8.61,23.1171428571429,2.23857142857143,3.10142857142857,97.6585714285714,36.63,27.2571428571429,7.49,9.16714285714286,17.4885714285714,0.874285714285714,6.18,1761461428.57143,16.4414285714286,11.6157142857143,35.0771428571429,9138571428.57143,30440000000.0,32750000000.0,4.76285714285714,21.7171428571428,39.6957142857143,26.1214285714286,2021-07-03,0.0
SP500 ElecEquip Instr Comps Mean ,183.824285714286,4.65428571428571,8.40857142857143,22.7657142857143,2.23857142857143,3.10142857142857,97.6585714285714,36.63,27.2571428571429,7.49,9.16714285714286,17.7185714285714,0.874285714285714,6.18,1761461428.57143,16.4414285714286,11.6157142857143,35.0771428571429,9138571428.57143,29851428571.4286,32160000000.0,4.68142857142857,21.3028571428571,38.9928571428571,26.1642857142857,2021-06-26,0.0
SP500 ElecEquip Instr Comps Mean ,181.47,4.61428571428571,8.37857142857143,22.4714285714286,2.23857142857143,3.10142857142857,97.6585714285714,36.63,27.2571428571429,7.49,9.16714285714286,17.91,0.874285714285714,6.18,1761461428.57143,16.4414285714286,11.6157142857143,35.0771428571429,9138571428.57143,29747142857.0,32055714285.7143,4.64857142857143,21.2042857142857,38.7114285714286,25.94,2021-06-19,0.0
SP500 ElecEquip Instr Comps Mean ,182.634285714286,4.15571428571429,8.38571428571428,22.6728571428571,2.23857142857143,3.10142857142857,97.6585714285714,36.63,27.2571428571429,7.49,9.16714285714286,17.4985714285714,0.874285714285714,6.18,1761461428.57143,16.4414285714286,11.6157142857143,35.0771428571429,9138571428.57143,30161428571.4286,25672857142.8571,4.67857142857143,21.3114285714286,39.0928571428571,26.1571428571429,2021-06-11,0.0
SP500 ElecEquip Instr Comps Mean ,180.81,4.67857142857143,8.36857142857143,22.4357142857143,2.23857142857143,3.10142857142857,97.6585714285714,36.63,27.2571428571429,7.49,9.16714285714286,17.3442857142857,0.874285714285714,6.18,1761461428.57143,16.4414285714286,11.6157142857143,35.0771428571429,9138571428.57143,30315714285.7143,32625714285.7143,4.70714285714286,21.3871428571429,39.2757142857143,26.2871428571429,2021-06-05,0.0
SP500 ElecEquip Instr Comps Mean ,179.715714285714,4.59142857142857,8.28571428571429,22.3657142857143,2.23714285714286,3.10142857142857,97.6585714285714,36.63,27.2571428571429,7.48142857142857,9.16714285714286,17.5228571428571,0.874285714285714,6.18,1761461428.57143,16.4228571428571,11.6157142857143,35.0771428571429,9138571428.57143,29902857142.8571,32214285714.2857,4.62,21.0714285714286,38.7242857142857,26.3785714285714,2021-05-29,0.0
SP500 ElecEquip Instr Comps Mean ,178.502857142857,4.58285714285714,8.21714285714286,22.2185714285714,2.23857142857143,3.10142857142857,97.6585714285714,36.7142857142857,27.2571428571429,7.48142857142857,9.18428571428571,17.57,0.874285714285714,6.18,1761461428.57143,16.4228571428571,11.6157142857143,35.0771428571429,9138571428.57143,29671428571.4286,31994285714.2857,4.56142857142857,20.8028571428571,39.1442857142857,26.0228571428571,2021-05-22,0.0
SP500 ElecEquip Instr Comps Mean ,158.30625,4.40375,7.55625,22.47375,2.145,3.1225,90.39875,35.72875,25.03625,7.32625,9.1875,18.675,0.835,5.69125,1584441250.0,16.575,11.50375,37.30125,8198750000.0,26735000000.0,28820000000.0,4.46875,20.36625,37.6025,25.40625,2021-05-14,0.0
SP500 ElecEquip Instr Comps Mean ,161.445,4.50375,7.50375,22.8125,2.145,3.09875,90.57375,35.6,24.81875,7.3125,9.2875,18.235,0.83375,5.69125,1592761250.0,16.57,11.365,37.365,8196250000.0,27140000000.0,29192500000.0,4.56375,20.77125,38.75,26.2775,2021-05-08,0.0
SP500 ElecEquip Instr Comps Mean ,171.4325,4.95125,8.04375,24.94375,2.12375,3.045,88.26125,36.34125,22.07125,6.8825,9.35,17.88,0.80875,5.69125,1539865000.0,15.91875,10.8525,38.40875,8027500000.0,27702500000.0,29696249999.875,4.965,23.29125,44.5175,28.47625,2021-05-01,0.0
SP500 ElecEquip Instr Comps Mean ,167.49625,4.8875,7.92625,24.73375,2.1225,3.02125,89.07375,35.64875,21.3875,6.76125,9.33625,18.21375,0.805,5.69125,1489865000.0,15.605,10.1825,38.7325,7915000000.0,27315000000.0,29467500000.0,4.925,23.635,104.52375,28.1,2021-04-23,0.0
SP500 ElecEquip Instr Comps Mean ,169.32375,4.90875,7.75875,24.93125,2.1225,3.03625,88.815,35.64875,20.11625,6.71,9.33625,18.3325,0.80125,5.69125,1471115000.0,15.55125,9.2675,38.88625,7847500000.0,26910000000.0,29063750000.0,4.9625,25.6425,103.22875,28.00625,2021-04-10,0.0
SP500 ElecEquip Instr Comps Mean ,162.54125,4.68375,7.54,23.9775,2.1225,3.03625,88.815,35.64875,20.11625,6.71,9.33625,19.12,0.80125,5.69125,1471115000.0,15.55125,9.2675,38.88625,7847500000.0,26140000000.0,28295000000.0,4.74,24.675,99.77625,26.86,2021-04-02,0.0
SP500 ElecEquip Instr Comps Mean ,155.95125,4.515,7.1975,23.11875,2.1225,3.03625,88.815,35.64875,20.11625,6.71,9.33625,19.99,0.80125,5.69125,1471115000.0,15.55125,9.2675,38.88625,7847500000.0,24907500000.0,27061250000.0,4.57375,23.7825,96.12625,25.79875,2021-03-27,0.0
SP500 ElecEquip Instr Comps Mean ,157.28,4.635,7.395,23.36875,2.1225,3.03625,88.815,35.64875,20.11625,6.71,9.33625,19.9375,0.80125,5.69125,1471115000.0,15.55125,9.2675,38.88625,7847500000.0,25432500000.0,27590000000.0,4.665,24.39375,100.92,26.67,2021-03-20,0.0
SP500 ElecEquip Instr Comps Mean ,160.1925,4.6475,7.39,23.485,2.1225,3.03625,88.815,35.64875,20.11625,6.71,9.33625,19.59,0.80125,5.69125,1471115000.0,15.55125,9.2675,38.88625,7847500000.0,25603750000.0,27758750000.0,4.70625,24.51625,100.5625,26.51625,2021-03-13,0.0
SP500 ElecEquip Instr Comps Mean ,156.03625,4.66625,7.3425,22.6425,2.12125,3.03625,88.815,35.36375,20.11625,6.71,7.31,19.89125,0.80125,5.65875,1471115000.0,15.55125,9.2675,38.88625,7847500000.0,25223750000.0,27377500000.0,4.68,24.34875,100.2075,26.79125,2021-03-05,0.0
SP500 ElecEquip Instr Comps Mean ,169.57125,4.78875,7.5875,23.66375,4.675,3.00125,89.17,35.09125,19.64625,6.6175,-120.10625,19.315,0.71375,5.63125,1469763750.0,15.355,8.80625,38.9075,7843750000.0,25883750000.0,27975000000.0,4.8425,26.1425,103.25375,27.55875,2021-02-26,0.0
SP500 ElecEquip Instr Comps Mean ,170.91125,4.99,7.67875,24.55125,2.0775,2.995,89.45,35.79375,19.7475,6.63875,9.4625,18.94125,0.58125,6.4275,1467263750.0,15.375,8.81625,39.06375,7832499999.875,26040000000.0,28155000000.0,4.9925,26.51875,109.03125,29.085,2021-02-20,0.0
SP500 ElecEquip Instr Comps Mean ,172.3325,4.985,7.6625,24.07125,2.0775,3.005,92.77375,35.79375,19.4925,6.58875,9.19375,19.16125,0.58125,6.42125,1463485000.0,15.21125,8.285,39.95875,7828749999.875,25925000000.0,27955000000.0,5.03,26.67625,107.34125,28.8375,2021-02-14,0.0
SP500 ElecEquip Instr Comps Mean ,160.20875,4.58625,7.08,23.9775,2.0775,3.0,94.32,35.79375,19.3275,6.5325,8.94875,20.0675,0.57625,6.33125,1447735000.0,15.14,8.2125,40.33625,7761249999.875,24165000000.0,26336250000.0,4.65,24.4075,104.55125,26.52125,2021-02-05,0.0
SP500 ElecEquip Instr Comps Mean ,154.58125,4.58375,7.27625,23.22375,2.0775,3.0,94.32,35.79375,19.3275,6.5325,8.94875,20.18125,0.57625,6.33125,1447735000.0,15.14,8.2125,40.33625,7761249999.875,23850000000.0,26165000000.0,4.7375,24.62125,111.49125,27.275,2021-01-30,0.0
SP500 ElecEquip Instr Comps Mean ,162.24,4.8725,7.42625,24.51875,2.05375,2.98,96.61375,36.61625,19.465,6.34375,9.01875,18.8375,0.57875,6.36125,1345235000.0,14.41,8.12,40.78,7614999999.875,24947500000.0,27290000000.0,4.94,25.76375,64.37875,28.11,2021-01-22,0.0
SP500 ElecEquip Instr Comps Mean ,162.01375,4.85875,7.415,24.42625,2.05375,2.98,96.61375,36.61625,19.465,6.34375,9.01875,18.98125,0.57875,6.36125,1345235000.0,14.41,8.12,40.78,7614999999.875,24803750000.0,27147500000.0,4.9275,25.715,63.95,28.02125,2021-01-16,0.0
SP500 ElecEquip Instr Comps Mean ,158.835,4.68625,7.17125,23.8425,2.05375,2.98,96.61375,36.61625,19.465,6.34375,9.01875,19.41125,0.57875,6.36125,1345235000.0,14.41,8.12,40.78,7614999999.875,24551250000.0,26898750000.0,4.8575,25.33625,61.43625,27.245,2021-01-09,0.0
SP500 ElecEquip Instr Comps Mean ,149.8325,4.49125,6.9975,22.3325,2.05375,2.98,96.61375,36.61625,19.465,6.34375,9.01875,20.495,0.57875,6.36125,1345235000.0,14.41,8.12,40.78,7614999999.875,23531250000.0,25877500000.0,4.56375,23.96,60.005,26.1975,2021-01-02,0.0
SP500 ElecEquip Instr Comps Mean ,148.64625,4.45125,6.9775,22.20625,2.05375,2.98,96.5975,36.61625,19.465,6.34375,9.01875,20.5475,0.57875,6.36125,1345235000.0,14.41,8.12,40.78,7614999999.875,23372500000.0,25717500000.0,4.5275,23.7875,59.735,26.01125,2020-12-26,0.0
SP500 ElecEquip Instr Comps Mean ,147.6525,4.38,6.88625,21.99375,2.05375,2.98,96.5975,36.61625,19.465,6.34375,9.01875,20.89875,0.57875,6.36125,1345235000.0,14.41,8.12,40.78,7614999999.875,23181250000.0,25523750000.0,4.45375,23.4125,59.23625,25.6225,2020-12-19,0.0
SP500 ElecEquip Instr Comps Mean ,145.94375,4.375,6.8575,21.74375,2.0525,2.98,96.5975,36.61625,19.465,6.33,9.01875,20.8175,0.57875,6.36125,1343985000.0,14.37375,8.12,40.78,7614999999.875,23235000000.0,25580000000.0,4.41125,23.31875,58.6975,25.5725,2020-12-12,0.0
SP500 ElecEquip Instr Comps Mean ,145.0675,4.35625,6.89125,21.57875,2.0525,2.98,96.5975,36.61625,19.465,6.33,9.01875,20.79875,0.57875,6.36125,1343985000.0,14.37375,8.12,40.78,7614999999.875,23276250000.0,25622500000.0,4.42875,23.36875,59.54125,25.74125,2020-12-07,0.0
SP500 ElecEquip Instr Comps Mean ,114.5875,3.6075,6.1375,16.59625,1.68375,2.99,101.85625,0.37125,20.45625,6.45125,7.93125,23.75125,0.86,9.38625,1334083750.0,14.36,8.08125,41.69125,7591250000.0,19276250000.0,21607500000.0,3.6775,19.33,63.13125,23.25375,2020-09-05,0.0
SP500 ElecEquip Instr Comps Mean ,114.66625,3.54375,6.00625,16.77,1.68375,2.99,101.85625,0.37125,20.45625,6.45125,7.93125,23.97625,0.86,9.38625,1334083750.0,14.36,8.08125,41.69125,7591250000.0,19148749999.875,21482500000.0,3.615,19.0925,61.75,21.7675,2020-09-21,0.0
SP500 ElecEquip Instr Comps Mean ,110.6075,3.40875,5.7875,16.1175,1.68375,2.99,101.85625,0.37125,20.45625,6.4725,7.93125,25.14625,0.86,9.38625,1344083750.0,14.4475,8.08125,41.69125,7591250000.0,18248750000.0,20578750000.0,3.4825,18.3575,58.96375,20.75125,2020-09-27,0.0
SP500 ElecEquip Instr Comps Mean ,116.09625,3.4575,5.8225,16.90625,1.68375,2.99,101.85625,0.37125,20.45625,6.4725,7.93125,24.88125,0.86,9.38625,1344083750.0,14.4475,8.08125,41.69125,7591250000.0,18438749999.875,20768750000.0,3.53125,18.605,59.30625,21.025,2020-10-03,0.0
SP500 ElecEquip Instr Comps Mean ,112.662222222222,3.56888888888889,6.09222222222222,16.8522222222222,1.57111111111111,2.78888888888889,90.8555555555556,0.33,18.1833333333333,5.75333333333333,7.06777777777778,449.607777777778,0.764444444444444,8.34333333333333,1261707777.77778,15.0666666666667,8.51333333333333,42.1444444444445,7036666666.66667,18653333333.3333,20731111111.0,3.40777777777778,18.01,60.2344444444445,20.4833333333333,2020-10-11,0.0
SP500 ElecEquip Instr Comps Mean ,114.494444444444,3.59111111111111,6.17888888888889,16.9744444444444,1.57111111111111,2.78888888888889,90.8555555555556,0.33,18.1833333333333,5.75333333333333,7.06777777777778,487.663333333333,0.764444444444444,8.34333333333333,1261707777.77778,15.0666666666667,8.51333333333333,42.1444444444445,7036666666.66667,18818888888.8889,20894444444.4444,3.64888888888889,19.0922222222222,60.5555555555556,22.05,2020-10-17,0.0
SP500 ElecEquip Instr Comps Mean ,117.962222222222,3.69111111111111,6.21888888888889,17.4222222222222,1.55333333333333,2.75333333333333,90.4411111111111,0.327777777777778,18.2511111111111,5.76555555555555,7.13666666666667,478.677777777778,0.766666666666667,8.36222222222222,1268374444.44444,15.0944444444445,8.56222222222222,42.0488888888889,7061111111.11111,19127777777.7778,21194444444.4444,3.75555555555556,19.4777777777778,61.7255555555556,22.6344444444444,2020-10-24,0.0
SP500 ElecEquip Instr Comps Mean ,112.054444444444,3.55222222222222,5.88444444444444,17.2866666666667,1.87222222222222,2.81444444444444,88.1144444444444,0.326666666666667,18.37,5.58,8.36777777777778,484.871111111111,0.517777777777778,5.72222222222222,1185620000.0,14.4055555555556,8.58222222222222,41.4811111111111,7063333333.33333,18011111111.0,19945555555.4444,3.62111111111111,18.7988888888889,46.4833333333333,21.4522222222222,2020-10-31,0.0
SP500 ElecEquip Instr Comps Mean ,123.412222222222,3.71444444444444,6.01333333333333,18.7955555555556,1.94111111111111,2.79333333333333,85.5344444444444,0.322222222222222,19.4755555555556,6.99,7.98666666666667,484.525555555556,0.518888888888889,5.69333333333333,1257520000.0,15.0266666666667,8.59777777777778,41.4388888888889,7050000000.0,19039999999.8889,21124444444.4444,3.78777777777778,19.8333333333333,51.13,22.18,2020-11-07,0.0
SP500 ElecEquip Instr Comps Mean ,124.374444444444,3.78222222222222,6.11666666666667,18.9655555555556,1.94555555555556,2.79333333333333,86.1688888888889,32.2933333333333,19.4755555555556,6.99555555555556,8.78333333333333,473.17,0.518888888888889,5.69333333333333,1259742222.22222,15.0411111111111,8.59777777777778,41.4388888888889,7050000000.0,19680000000.0,21776666666.6667,3.85666666666667,20.2411111111111,51.2266666666667,22.5255555555556,2020-11-13,0.0
SP500 ElecEquip Instr Comps Mean ,128.145555555556,3.91111111111111,6.23666666666667,19.3466666666667,1.93111111111111,2.76777777777778,86.2388888888889,32.5477777777778,19.55,7.00777777777778,8.83222222222222,440.486666666667,0.514444444444444,5.65444444444444,1264186666.66667,15.0733333333333,8.61666666666667,41.2766666666667,7061111111.0,20355555555.5556,22450000000.0,3.98555555555556,20.8677777777778,52.6866666666667,23.2288888888889,2020-11-21,0.0
SP500 ElecEquip Instr Comps Mean ,143.55875,4.22125,6.7375,21.2975,2.0525,2.98,96.5975,36.61625,19.465,6.33,9.01875,21.36875,0.57875,6.36125,1343985000.0,14.37375,8.12,40.78,7614999999.875,22772500000.0,25117500000.0,4.29875,22.74625,58.01875,25.00125,2020-11-28,0.0
SP500 ElecEquip Instr Comps Mean,170.56,4.04857142857143,9.98857142857143,21.9467631801688,2.31,2.68571428571429,189.02,125.485562632399,33.0357142857143,8.3,12.8614782869692,19.421789455179,0.922857142857143,6.15,2065861428.57143,17.8514285714286,14.3271428571429,37.6750811302364,10428571428.5714,31254285714.2857,33760000000.0,3.98571428571428,17.9357142857143,29.6128571428571,23.1157142857143,2022-02-12 00:00:00,0.0
SP500 ElecEquip Instr Comps Mean,165.84,3.81,9.47571428571428,21.7926828670401,1.98285714285714,2.63571428571429,190.355714285714,124.957501430798,33.1742857142857,8.40428571428571,13.2597210773969,20.0082430659043,0.935714285714286,6.14571428571429,2075584285.71429,18.0957142857143,14.5585714285714,38.9602201462449,10442857142.8571,30042857142.8571,32552857142.8571,3.75714285714286,17.0842857142857,28.1714285714286,21.9742857142857,2022-02-19 00:00:00,0.0
SP500 ElecEquip Instr Comps Mean,165.185714285714,3.75428571428571,9.58857142857143,21.6981803800878,1.98285714285714,2.63571428571429,190.481428571429,124.925973556479,33.1742857142857,8.40428571428571,13.189885214604,20.0161249132534,0.93,6.13428571428572,2075584285.71429,18.0957142857143,14.5585714285714,38.9602201462449,10442857142.8571,30174285714.2857,32804285714.2857,3.73428571428571,17.0071428571429,27.62,22.2771428571429,2022-02-26 00:00:00,0.0
SP500 ElecEquip Instr Comps Mean,153.027142857143,3.71285714285714,9.44571428571429,20.3542792314295,1.98285714285714,2.66142857142857,191.215714285714,316.730222169796,32.9728571428571,8.42142857142857,12.5928169086251,22.3939244092703,0.851428571428571,6.13428571428572,2089870000.0,18.1585714285714,14.36,37.8668004845113,10397142857.1429,30022857142.8571,32657142857.1429,3.68714285714286,16.8214285714286,27.3114285714286,22.2528571428571,2022-03-05 00:00:00,0.0
SP500 ElecEquip Instr Comps Mean,150.03,3.71285714285714,9.44571428571429,19.379457023408,1.98285714285714,2.70285714285714,191.257142857143,316.730222169796,33.55,8.48,11.5505013965633,22.720758960663,0.81,6.13428571428572,2085861428.57143,18.1742857142857,14.5357142857143,36.0806082722063,10415714285.7143,30022857142.8571,32657142857.1429,3.68714285714286,16.8214285714286,27.3114285714286,22.2528571428571,2022-03-12 00:00:00,0.0
SP500 ElecEquip Instr Comps Mean,163.654285714286,3.36285714285714,8.82142857142857,21.2052549250601,1.98285714285714,2.63571428571429,191.122857142857,316.730222169796,33.1742857142857,8.41571428571429,12.5928169086251,21.4631078696196,0.851428571428571,6.13428571428572,2089870000.0,18.1242857142857,14.5585714285714,38.9602201462449,10442857142.8571,27461428571.4286,30140000000.0,3.34714285714286,15.1242857142857,24.8871428571429,20.0342857142857,2022-03-19 00:00:00,0.0
SP500 ElecEquip Instr Comps Mean,160.157142857143,3.50142857142857,9.13285714285714,20.8222663888585,1.98285714285714,2.63571428571429,191.122857142857,316.730222169796,33.1742857142857,8.41571428571429,12.5928169086251,21.8916675865572,0.851428571428571,6.13428571428572,2089870000.0,18.1242857142857,14.5585714285714,38.9602201462449,10442857142.8571,28364285714.2857,31044285714.2857,3.48285714285714,15.7028571428571,25.84,20.7642857142857,2022-03-28 00:00:00,0.0
SP500 ElecEquip Instr Comps Mean,157.651428571429,3.67285714285714,9.51571428571429,20.1547411159624,1.98285714285714,2.63857142857143,191.347142857143,316.730222169796,33.5971428571429,8.47285714285714,11.7647785758691,22.3524309569559,0.822857142857143,6.13428571428572,2087012857.14286,18.18,14.64,37.5100829071604,10420000000.0,29624285714.2857,32300000000.0,3.64857142857143,16.4028571428571,26.98,21.7271428571429,2022-04-03 00:00:00,0.0
SP500 ElecEquip Instr Comps Mean,153.425714285714,2.95714285714286,8.22857142857143,19.8389765538327,1.98285714285714,2.63571428571429,191.122857142857,316.730222169796,33.1742857142857,8.41571428571429,12.3785397293194,23.8263914723692,0.838571428571429,6.13428571428572,2089870000.0,18.1242857142857,14.5585714285714,38.9602201462449,10442857142.8571,25505714285.7143,28068571428.5714,2.92428571428571,13.0142857142857,22.16,17.9371428571429,2022-04-09 00:00:00,0.0
SP500 ElecEquip Instr Comps Mean,147.545714285714,3.33714285714286,8.99285714285714,19.1789286708416,1.98285714285714,2.63571428571429,191.122857142857,316.730222169796,33.1742857142857,8.41571428571429,12.5928169086251,24.5744367926471,0.851428571428571,6.13428571428572,2089870000.0,18.1242857142857,14.5585714285714,38.9602201462449,10442857142.8571,27365714285.7143,30041428571.4286,3.32571428571429,15.1442857142857,24.6971428571429,19.9671428571429,2022-04-17 00:00:00,0.0
SP500 ElecEquip Instr Comps Mean,149.557142857143,3.22571428571429,8.76428571428571,19.5742857142857,1.81857142857143,2.63571428571429,191.122857142857,36.9571428571429,33.1742857142857,8.41571428571429,13.21,24.5685714285714,0.855714285714286,6.24285714285714,2089870000.0,18.1242857142857,14.5585714285714,38.9614285714286,10442857142.8571,26478571428.5714,29155714285.7143,3.20285714285714,14.6342857142857,23.97,19.35,2022-04-23 00:00:00,0.0
SP500 ElecEquip Instr Comps Mean,146.978571428572,3.21714285714286,8.73142857142857,19.1914285714286,1.81857142857143,2.62142857142857,191.208571428572,36.9571428571429,33.0828571428571,8.37285714285714,13.21,24.2171428571428,0.854285714285714,6.24285714285714,2087012857.14286,18.0171428571429,14.4314285714286,39.0857142857143,10432857142.8571,27062857142.8571,29685714285.7143,3.18285714285714,14.5414285714286,24.1357142857143,19.62,2022-04-30 00:00:00,0.0
SP500 ElecEquip Instr Comps Mean,142.778571428571,3.20714285714286,8.75142857142857,19.27,1.68142857142857,2.61428571428571,189.917142857143,31.4342857142857,33.5114285714286,8.49142857142857,11.9028571428571,17.6671428571429,0.864285714285714,6.24285714285714,2137012857.14286,18.1914285714286,14.5128571428571,38.5171428571429,10618571428.5714,27198571428.5714,29985714285.7143,3.19,14.57,24.3042857142857,19.76,2022-05-07 00:00:00,0.0
SP500 ElecEquip Instr Comps Mean,133.904285714286,2.95714285714286,7.31285714285714,18.2785714285714,1.78,2.61428571428571,189.917142857143,36.7542857142857,33.5114285714286,8.49142857142857,13.3385714285714,25.3814285714286,0.864285714285714,6.24285714285714,2137012857.14286,18.1914285714286,14.5128571428571,38.5171428571429,10618571428.5714,25384285714.2857,28132857142.8571,2.95142857142857,13.5471428571429,22.5285714285714,18.1942857142857,2022-05-13 00:00:00,2.76428571428572
SP500 ElecEquip Instr Comps Mean,135.041428571429,2.49571428571429,7.08285714285714,18.78,1.83,2.57857142857143,156.771428571429,36.66,33.3457142857143,8.53571428571429,13.3385714285714,17.4057142857143,0.882857142857143,6.24285714285714,2149870000.0,18.1428571428571,14.5314285714286,38.0785714285714,10807142857.1429,24682857142.8571,27627142857.1429,2.62,12.4242857142857,20.0042857142857,15.6242857142857,2022-05-21 00:00:00,2.79142857142857
SP500 ElecEquip Instr Comps Mean,138.567142857143,2.56571428571429,6.50571428571429,19.6757142857143,1.83,2.67428571428571,156.674285714286,36.66,33.3514285714286,8.55714285714286,13.3385714285714,22.6142857142857,0.884285714285714,6.24285714285714,2150622857.14286,18.14,14.5,37.9414285714286,10811428571.4286,22862857142.8571,25451428571.2857,2.52142857142857,11.2528571428571,19.5571428571429,15.9442857142857,2022-05-28 00:00:00,2.85142857142857
SP500 ElecEquip Instr Comps Mean,145.305714285714,3.00285714285714,7.34571428571429,20.6114285714286,1.83,2.67428571428571,156.674285714286,36.66,33.3514285714286,8.59285714285714,13.3385714285714,25.0471428571429,0.884285714285714,6.24285714285714,2154908571.42857,18.2257142857143,14.5,37.9414285714286,10811428571.4286,25304285714.2857,28051428571.2857,2.97714285714286,13.5928571428571,22.6285714285714,18.3528571428571,2022-06-04 00:00:00,2.98571428571428
SP500 ElecEquip Instr Comps Mean,137.871428571429,3.00285714285714,7.34571428571429,19.7685714285714,1.80857142857143,2.67428571428571,156.674285714286,36.6857142857143,33.3514285714286,8.59285714285714,13.3514285714286,25.03,0.884285714285714,6.24285714285714,2154908571.42857,18.2257142857143,14.5,37.9414285714286,10811428571.4286,25304285714.2857,28051428571.2857,2.97714285714286,13.5928571428571,22.6285714285714,18.3528571428571,2022-06-11 00:00:00,2.85142857142857
SP500 ElecEquip Instr Comps Mean,124.235714285714,2.90714285714286,7.27285714285714,17.7128571428571,1.80857142857143,2.67428571428571,156.674285714286,36.6857142857143,33.3514285714286,8.59285714285714,13.3514285714286,25.8657142857143,0.884285714285714,6.24285714285714,2154908571.42857,18.2257142857143,14.5,37.9414285714286,10811428571.4286,25010000000.0,27770000000.0,2.91285714285714,13.3257142857143,21.86,17.62,2022-06-18 00:00:00,2.35571428571429
SP500 ElecEquip Instr Comps Mean,128.557142857143,2.84857142857143,7.09142857142857,18.38,1.80857142857143,2.67428571428571,156.674285714286,36.6857142857143,33.3514285714286,8.59285714285714,13.3514285714286,26.24,0.884285714285714,6.24285714285714,2154908571.42857,18.2257142857143,14.5,37.9414285714286,10811428571.4286,24364285714.2857,27125714285.5714,2.85142857142857,13.0357142857143,21.3685714285714,17.2571428571429,2022-06-24 00:00:00,2.66714285714286
SP500 ElecEquip Instr Comps Mean,127.504285714286,2.92428571428571,7.32714285714286,18.28,1.80857142857143,2.67428571428571,156.674285714286,36.6857142857143,33.3514285714286,8.59285714285714,13.3514285714286,25.7542857142857,0.884285714285714,6.24285714285714,2154908571.42857,18.2257142857143,14.5,37.9414285714286,10811428571.4286,24957142857.1429,27717142857.1429,2.92714285714286,13.3814285714286,21.9971428571429,17.7314285714286,2022-07-02 00:00:00,2.65
SP500 ElecEquip Instr Comps Mean,130.755714285714,2.81571428571429,6.99857142857143,18.7485714285714,1.80857142857143,2.67428571428571,156.674285714286,36.6857142857143,33.3514285714286,8.59714285714286,13.3514285714286,26.7,0.884285714285714,6.24285714285714,2156337142.85714,18.2342857142857,14.5,37.9414285714286,10811428571.4286,23984285714.2857,26742857142.5714,2.82142857142857,12.8971428571429,21.1342857142857,16.6657142857143,2022-07-09 00:00:00,2.72714285714286
SP500 ElecEquip Instr Comps Mean,127.064285714286,2.89857142857143,7.20142857142857,18.3328571428571,1.80857142857143,2.67428571428571,156.674285714286,36.6857142857143,33.3514285714286,8.59714285714286,13.3514285714286,26.0157142857143,0.884285714285714,6.24285714285714,2156337142.85714,18.2342857142857,14.5,37.9414285714286,10811428571.4286,24715714285.7143,27475714285.7143,2.90428571428571,13.2457142857143,21.7342857142857,17.2028571428571,2022-07-16 00:00:00,2.65857142857143
SP500 ElecEquip Instr Comps Mean,141.27,2.91428571428572,7.21714285714286,20.1757142857143,1.80857142857143,2.67428571428571,156.674285714286,36.6857142857143,33.3514285714286,8.59714285714286,13.3514285714286,25.7942857142857,0.884285714285714,6.24285714285714,2156337142.85714,18.2342857142857,14.5,37.9414285714286,10811428571.4286,24851428571.4286,27612857142.7143,2.92,13.2957142857143,21.8585714285714,17.2657142857143,2022-07-22 00:00:00,2.94
SP500 ElecEquip Instr Comps Mean,147.404285714286,3.25142857142857,8.02,20.83,1.80857142857143,2.64428571428571,156.028571428571,36.6857142857143,33.8114285714286,8.59,13.3514285714286,23.3728571428571,0.891428571428571,6.24285714285714,2164908571.42857,18.1557142857143,14.6114285714286,37.6585714285714,10932857142.8571,27508571428.5714,30267142857.0,3.21,14.5142857142857,24.2242857142857,19.2057142857143,2022-07-29 00:00:00,3.05571428571429
SP500 ElecEquip Instr Comps Mean,147.055714285714,3.25142857142857,8.30571428571429,21.0557142857143,1.69428571428571,2.46428571428571,139.505714285714,30.9542857142857,31.63,8.44142857142857,12.0028571428571,17.0085714285714,0.905714285714286,6.24285714285714,2174015714.28571,17.9985714285714,13.64,37.4542857142857,11088571428.5714,28061428571.2857,31041428571.4286,3.30428571428572,15.2785714285714,24.4757142857143,19.59,2022-08-06 00:00:00,3.13
SP500 ElecEquip Instr Comps Mean,147.251428571429,3.25714285714286,7.45142857142857,20.7771428571429,1.59285714285714,2.46428571428571,139.54,38.8842857142857,31.63,8.44142857142857,12.9342857142857,22.72,0.905714285714286,6.24285714285714,2174015714.28571,17.9985714285714,13.64,37.4542857142857,11088571428.5714,28084285714.2857,31031428571.4286,3.26285714285714,14.7014285714286,24.4471428571429,19.6442857142857,2022-08-13 00:00:00,3.08428571428571
SP500 ElecEquip Instr Comps Mean,152.071428571428,3.32857142857143,7.69142857142857,21.5257142857143,1.59285714285714,2.48714285714286,139.324285714286,38.8842857142857,31.7628571428572,8.47,12.9342857142857,22.37,0.907142857142857,6.24285714285714,2179730000.0,18.0257142857143,13.7971428571429,37.2428571428571,11107142857.1429,28774285714.2857,31721428571.4286,3.33285714285714,15.05,25.0971428571429,20.1014285714286,2022-08-19 00:00:00,3.16
SP500 ElecEquip Instr Comps Mean,147.901428571429,3.17285714285714,7.48714285714286,20.9257142857143,1.60857142857143,2.48714285714286,139.324285714286,38.7842857142857,31.7628571428572,8.47,12.8742857142857,23.7157142857143,0.907142857142857,6.24285714285714,2179730000.0,18.0257142857143,13.7971428571429,37.2428571428571,11107142857.1429,27747142857.1429,30704285714.2857,3.18714285714286,14.4142857142857,23.7371428571429,19.4771428571429,2022-08-27 00:00:00,3.05571428571429
SP500 ElecEquip Instr Comps Mean,138.117142857143,3.07,7.23428571428572,19.5557142857143,1.60857142857143,2.48714285714286,139.324285714286,38.7842857142857,31.7628571428572,8.51571428571429,12.8742857142857,24.6842857142857,0.907142857142857,6.24285714285714,2185444285.71429,18.1342857142857,13.7971428571429,37.2428571428571,11107142857.1429,26781428571.4286,29734285714.2857,3.09,13.9757142857143,22.95,18.6157142857143,2022-09-03 00:00:00,2.86571428571429
SP500 ElecEquip Instr Comps Mean,138.641428571429,2.99428571428571,6.96428571428572,19.77,1.60857142857143,2.48714285714286,139.324285714286,38.7842857142857,31.7628571428572,8.51571428571429,12.8742857142857,25.22,0.907142857142857,6.24285714285714,2185444285.71429,18.1342857142857,13.7971428571429,37.2428571428571,11107142857.1429,26098571428.5714,29057142857.1429,3.01,13.5971428571429,22.2914285714286,16.7614285714286,2022-09-09 00:00:00,2.90571428571429
SP500 ElecEquip Instr Comps Mean,135.511428571429,3.04,7.14428571428571,19.2657142857143,1.60857142857143,2.48714285714286,139.324285714286,38.7842857142857,31.7628571428572,8.51571428571429,12.8742857142857,25.1457142857143,0.907142857142857,6.24285714285714,2185444285.71429,18.1342857142857,13.7971428571429,37.2428571428571,11107142857.1429,26300000000.0,29252857142.8571,3.03285714285714,13.7142857142857,22.7285714285714,17.04,2022-09-16 00:00:00,2.82714285714286
SP500 ElecEquip Instr Comps Mean,128.311428571429,2.83857142857143,6.58857142857143,18.3485714285714,1.60857142857143,2.48714285714286,139.324285714286,38.7842857142857,31.7628571428572,8.51571428571429,12.8742857142857,26.7914285714286,0.907142857142857,6.24285714285714,2185444285.71429,18.1342857142857,13.7971428571429,37.2428571428571,11107142857.1429,24737142857.0,27691428571.4286,2.86285714285714,12.92,20.9985714285714,15.8214285714286,2022-09-24 00:00:00,2.69714285714286
SP500 ElecEquip Instr Comps Mean,125.615714285714,2.81,6.52142857142857,6.21428571428571,1.60857142857143,0.617142857142857,100.607142857143,38.7842857142857,17.5328571428571,2.82285714285714,12.8742857142857,27.1742857142857,0.39,6.24285714285714,491428571.428571,4.67714285714286,3.63,10.5457142857143,4028571428.57143,24217142857.1429,27172857142.8571,2.83142857142857,12.7742857142857,20.7571428571429,15.6157142857143,2022-10-01 00:00:00,3.08
SP500 ElecEquip Instr Comps Mean,132.291428571429,2.96285714285714,6.86714285714286,18.9714285714286,1.60857142857143,2.48714285714286,139.324285714286,38.7842857142857,31.7628571428572,8.51571428571429,12.8742857142857,25.7742857142857,0.907142857142857,6.24285714285714,2185444285.71429,18.1342857142857,13.7971428571429,37.2428571428571,11107142857.1429,25544285714.2857,28497142857.1429,2.98142857142857,13.4242857142857,21.9014285714286,16.4714285714286,2022-10-08 00:00:00,2.8
SP500 ElecEquip Instr Comps Mean,125.785714285714,2.75857142857143,6.34142857142857,18.0328571428571,1.60857142857143,2.48714285714286,139.324285714286,38.7842857142857,31.7628571428572,8.51571428571429,12.8742857142857,27.7642857142857,0.907142857142857,6.24285714285714,2185444285.71429,18.1342857142857,13.7971428571429,37.2428571428571,11107142857.1429,23792857142.8571,26747142857.1429,2.78428571428572,12.5142857142857,20.2528571428571,15.36,2022-10-16 00:00:00,2.66
SP500 ElecEquip Instr Comps Mean,124.507142857143,2.83714285714286,6.55714285714286,17.9714285714286,1.60857142857143,2.48714285714286,139.324285714286,38.7842857142857,31.7628571428572,8.51571428571429,12.8742857142857,26.5771428571429,0.907142857142857,6.24285714285714,2185444285.71429,18.1342857142857,13.7971428571429,37.2428571428571,11107142857.1429,24562857142.8571,27518571428.5714,2.86,12.8742857142857,20.9342857142857,15.9428571428571,2022-10-22 00:00:00,2.65857142857143
SP500 ElecEquip Instr Comps Mean,132.414285714286,2.90857142857143,6.74285714285714,18.6885714285714,1.60857142857143,2.49142857142857,138.22,38.7842857142857,31.6628571428571,8.55714285714286,12.8742857142857,26.3914285714286,0.911428571428571,6.24285714285714,2192587142.85714,18.1185714285714,13.6514285714286,37.1314285714286,11157142857.1429,25350000000.0,28180000000.0,2.91571428571429,13.1485714285714,21.5342857142857,16.5085714285714,2022-10-28 00:00:00,2.80571428571429
SP500 ElecEquip Instr Comps Mean,124.718571428571,2.87,6.82714285714286,19.54,1.60857142857143,2.53857142857143,138.284285714286,38.7842857142857,31.3414285714286,8.34,12.8742857142857,26.8885714285714,0.908571428571428,6.24285714285714,2157164285.71429,17.6657142857143,13.6542857142857,37.3371428571429,11144285714.2857,25231428571.4286,28167142857.1429,2.88571428571429,13.1428571428571,21.1785714285714,16.3871428571429,2022-11-05 00:00:00,2.73857142857143
SP500 ElecEquip Instr Comps Mean,133.604285714286,2.94142857142857,6.43571428571429,20.4657142857143,1.60857142857143,2.54714285714286,118.525714285714,38.7842857142857,31.4385714285714,8.42571428571429,12.8742857142857,26.1728571428571,0.925714285714286,6.24285714285714,2178592857.14286,17.6028571428571,13.4971428571429,37.4114285714286,11352857142.8571,26238571428.5714,29107142857.1429,2.95,13.3342857142857,21.8328571428571,17.5828571428571,2022-11-12 00:00:00,2.89
SP500 ElecEquip Instr Comps Mean,133.204285714286,2.99428571428571,6.63285714285714,20.2857142857143,1.62714285714286,2.54571428571429,118.647142857143,37.8828571428571,31.3557142857143,8.39285714285714,12.8342857142857,25.2885714285714,0.928571428571429,6.24285714285714,2178592857.14286,17.4714285714286,13.46,38.1828571428572,11374285714.2857,26897142857.1429,29787142857.1429,3.00428571428571,13.66,22.5685714285714,18.0814285714286,2022-11-19 00:00:00,2.83571428571429
SP500 ElecEquip Instr Comps Mean,138.511428571429,3.05428571428571,6.77142857142857,21.0014285714286,1.62714285714286,2.54571428571429,118.647142857143,37.9314285714286,31.3557142857143,8.39285714285714,12.6971428571429,24.9514285714286,0.928571428571429,6.24285714285714,2178592857.14286,17.4714285714286,13.46,38.1828571428572,11374285714.2857,27460000000.0,30319999999.7143,3.05714285714286,13.9571428571429,23.1414285714286,18.4814285714286,2022-11-26 00:00:00,2.92428571428571
SP500 ElecEquip Instr Comps Mean,139.457142857143,3.00142857142857,6.69714285714286,21.1771428571429,1.62714285714286,2.54571428571429,118.647142857143,37.9314285714286,31.3557142857143,8.39285714285714,12.6971428571429,25.3828571428571,0.928571428571429,6.24285714285714,2178592857.14286,17.4714285714286,13.46,38.1828571428572,11374285714.2857,27065714285.7143,29925714285.7143,3.00857142857143,13.7628571428572,22.8371428571429,18.1957142857143,2022-12-03 00:00:00,2.95428571428572
SP500 ElecEquip Instr Comps Mean,135.48,3.04571428571429,6.71571428571428,20.6528571428571,1.62714285714286,2.54571428571429,118.647142857143,37.9314285714286,31.3557142857143,8.39285714285714,12.6971428571429,25.2142857142857,0.928571428571429,6.24285714285714,2178592857.14286,17.4714285714286,13.46,38.1828571428572,11374285714.2857,27321428571.4286,30180000000.0,3.05285714285714,13.8742857142857,22.8871428571429,18.3257142857143,2022-12-10 00:00:00,2.89714285714286
SP500 ElecEquip Instr Comps Mean,133.377142857143,2.94,6.48857142857143,20.33,1.62714285714286,2.54571428571429,118.647142857143,37.9314285714286,31.3557142857143,8.44428571428571,12.6971428571429,26.0128571428571,0.928571428571429,6.24285714285714,2184307142.85714,17.5928571428571,13.46,38.1828571428572,11374285714.2857,26201428571.4286,29060000000.0,2.95,13.4257142857143,22.1314285714286,17.65,2022-12-19 00:00:00,2.84714285714286
SP500 ElecEquip Instr Comps Mean,129.908571428571,2.89714285714286,6.37285714285714,19.8071428571429,1.62714285714286,2.54571428571429,118.647142857143,37.9314285714286,31.3557142857143,8.44428571428571,12.6971428571429,26.2385714285714,0.928571428571429,6.24285714285714,2184307142.85714,17.5928571428571,13.46,38.1828571428572,11374285714.2857,25672857142.8571,28529999999.8571,2.90857142857143,13.2328571428571,21.8042857142857,17.33,2022-12-26 00:00:00,2.77428571428571
SP500 ElecEquip Instr Comps Mean,132.611428571429,2.92428571428571,6.37142857142857,20.1785714285714,1.62714285714286,2.54571428571429,118.647142857143,37.9314285714286,31.3557142857143,8.44428571428571,12.6971428571429,26.0528571428571,0.928571428571429,6.24285714285714,2184307142.85714,17.5928571428571,13.46,38.1828571428572,11374285714.2857,25821428571.4286,28678571428.5714,2.93142857142857,13.3085714285714,21.9085714285714,17.4328571428571,2022-12-31 00:00:00,2.82
SP500 ElecEquip Instr Comps Mean,133.475714285714,2.92285714285714,6.41714285714286,20.3785714285714,1.62714285714286,2.54571428571429,118.647142857143,37.9314285714286,31.3557142857143,8.44428571428571,12.6971428571429,25.1428571428571,0.928571428571429,6.24285714285714,2184307142.85714,17.5928571428571,13.46,38.1828571428572,11374285714.2857,26254285714.2857,29115714285.5714,2.98714285714286,13.57,22.0485714285714,17.4942857142857,2023-01-06 00:00:00,2.85857142857143
SP500 ElecEquip Instr Comps Mean,144.831428571428,3.2,6.98714285714286,21.9871428571429,1.62714285714286,2.54571428571429,118.647142857143,37.9314285714286,31.3557142857143,8.44428571428571,12.6971428571429,23.1942857142857,0.928571428571429,6.24285714285714,2184307142.85714,17.5928571428571,13.46,38.1828571428572,11374285714.2857,28115714285.7143,30972857142.8571,3.19285714285714,14.5057142857143,24.2471428571429,19.1942857142857,2023-01-13 00:00:00,3.06142857142857
SP500 ElecEquip Instr Comps Mean,143.202857142857,3.19571428571429,7.04,21.65,1.62714285714286,2.54571428571429,118.647142857143,37.9314285714286,31.3557142857143,8.44428571428571,12.6971428571429,23.3071428571428,0.928571428571429,6.24285714285714,2184307142.85714,17.5928571428571,13.46,38.1828571428572,11374285714.2857,28032857142.8571,30892857142.8571,3.19571428571428,14.5414285714286,24.28,19.1614285714286,2023-01-20 00:00:00,3.00428571428571
SP500 ElecEquip Instr Comps Mean,147.941428571429,3.22142857142857,6.98714285714286,21.89,1.62714285714286,2.56428571428571,116.824285714286,37.9314285714286,30.8671428571429,8.44142857142857,12.6971428571429,23.06,0.93,6.24285714285714,2180021428.57143,17.5528571428571,13.32,38.8242857142857,11407142857.1429,27645714285.7143,30529999999.7143,3.22,14.6042857142857,24.3542857142857,18.8285714285714,2023-01-29 00:00:00,3.08428571428571
SP500 ElecEquip Instr Comps Mean,156.95,3.24857142857143,7.05428571428571,23.2571428571429,1.63,2.55571428571429,115.637142857143,37.2971428571429,30.2157142857143,8.37142857142857,9.88285714285714,23.18,0.951428571428571,6.27,2148592857.14286,17.4,12.8271428571429,38.6185714285714,11368571428.5714,27744285714.2857,30541428571.4286,3.26285714285714,15.0628571428571,25.6142857142857,19.0,2023-02-04 00:00:00,3.22
SP500 ElecEquip Instr Comps Mean,151.585714285714,3.28285714285714,7.10428571428571,22.2714285714286,1.63285714285714,2.56142857142857,101.747142857143,36.8571428571428,30.2357142857143,8.22571428571429,9.86285714285714,23.4128571428571,0.95,6.27,2144307142.85714,17.4485714285714,12.8728571428571,39.3014285714286,11354285714.2857,28108571428.4286,30909999999.8571,3.26857142857143,15.2057142857143,26.2042857142857,19.9814285714286,2023-02-11 00:00:00,3.12857142857143
SP500 ElecEquip Instr Comps Mean,159.554285714286,3.44428571428571,6.90571428571429,24.19,1.63285714285714,2.57,102.777142857143,36.51,29.4085714285714,7.99714285714286,9.81857142857143,22.2014285714286,0.948571428571428,6.27,2143138571.42857,16.6642857142857,11.3514285714286,38.0357142857143,11350000000.0,29440000000.0,32235714285.7143,3.43571428571429,16.4842857142857,32.1057142857143,21.1057142857143,2023-02-17 00:00:00,3.29428571428571
SP500 ElecEquip Instr Comps Mean,147.46,3.14142857142857,6.34,21.6471428571429,1.65857142857143,2.56571428571429,101.285714285714,36.4157142857143,29.2557142857143,8.02428571428571,8.27428571428571,23.1942857142857,0.952857142857143,6.27,2153138571.42857,16.7642857142857,11.3414285714286,37.7528571428571,11374285714.2857,27527142857.1429,30272857142.8571,3.14428571428572,15.1871428571429,29.7485714285714,19.8157142857143,2023-02-25 00:00:00,3.06
SP500 ElecEquip Instr Comps Mean,147.775714285714,3.12285714285714,6.30714285714286,21.6685714285714,1.66571428571429,2.56571428571429,101.704285714286,36.2414285714286,29.2557142857143,8.02428571428571,8.29285714285714,23.5157142857143,0.952857142857143,6.27,2170281428.42857,16.7642857142857,11.3414285714286,37.7528571428571,11374285714.2857,27427142857.1429,30238571428.5714,3.12142857142857,14.7257142857143,29.5885714285714,19.8428571428571,2023-03-04 00:00:00,3.05714285714286
SP500 ElecEquip Instr Comps Mean,144.47,3.14142857142857,6.35857142857143,21.1885714285714,1.67714285714286,2.56571428571429,101.704285714286,36.3414285714286,29.2557142857143,8.01428571428571,8.29285714285714,23.2614285714286,0.952857142857143,6.27,2168852857.0,16.7414285714286,11.3414285714286,37.7528571428571,11374285714.2857,27912857142.8571,30721428571.4286,3.14428571428572,14.8128571428571,29.6657142857143,20.0328571428571,2023-03-11 00:00:00,3.00285714285714
SP500 ElecEquip Instr Comps Mean,142.82,1.75571428571429,4.97714285714286,20.96,1.67714285714286,2.56571428571429,101.704285714286,36.3414285714286,29.2557142857143,8.01428571428571,12.6571428571429,15.8442857142857,0.844285714285714,6.15142857142857,2168852857.0,16.7414285714286,11.3414285714286,37.7528571428571,11374285714.2857,21975714285.7143,24979999999.8571,1.89571428571429,9.96285714285714,22.0771428571429,13.6671428571428,2023-03-18 00:00:00,2.96857142857143
SP500 ElecEquip Instr Comps Mean,141.345714285714,3.02,6.03428571428571,20.7542857142857,1.67714285714286,2.56571428571429,101.704285714286,36.9342857142857,29.2557142857143,8.01428571428571,7.03142857142857,24.4414285714286,1.06142857142857,6.69428571428571,2168852857.0,16.7414285714286,11.3414285714286,37.7528571428571,11374285714.2857,26582857142.8571,29390000000.0,3.02571428571429,14.2085714285714,28.3685714285714,19.1342857142857,2023-03-24 00:00:00,2.94857142857143
SP500 ElecEquip Instr Comps Mean,146.162857142857,2.44714285714286,5.76285714285714,21.4771428571429,1.67714285714286,2.56571428571429,101.704285714286,36.9342857142857,29.2557142857143,8.01428571428571,12.4214285714286,18.1885714285714,0.844285714285714,6.15142857142857,2168852857.0,16.7414285714286,11.3414285714286,37.7528571428571,11374285714.2857,26102857142.8571,29082857142.7143,2.60714285714286,12.37,25.1085714285714,16.1457142857143,2023-04-01 00:00:00,3.04714285714286
SP500 ElecEquip Instr Comps Mean,142.491428571429,2.48285714285714,5.77428571428571,20.8842857142857,1.67714285714286,2.56571428571429,101.704285714286,36.9342857142857,29.2557142857143,8.01428571428571,12.4214285714286,17.7885714285714,0.844285714285714,6.15142857142857,2168852857.0,16.7414285714286,11.3414285714286,37.7528571428571,11374285714.2857,26251428571.4286,29227142857.1429,2.64428571428571,12.5128571428571,25.55,16.3742857142857,2023-04-08 00:00:00,2.96
SP500 ElecEquip Instr Comps Mean,144.378571428571,3.07714285714286,6.12,21.1214285714286,1.67714285714286,2.56571428571429,101.704285714286,36.9342857142857,29.2557142857143,8.01428571428571,12.4214285714286,23.8771428571429,0.844285714285714,6.15142857142857,2168852857.0,16.7414285714286,11.3414285714286,37.7528571428571,11374285714.2857,27180000000.0,29988571428.5714,3.07428571428571,14.4314285714286,28.91,19.5714285714286,2023-04-14 00:00:00,2.99857142857143
SP500 ElecEquip Instr Comps Mean,136.73,3.07714285714286,6.12,20.2085714285714,1.67714285714286,2.56571428571429,101.704285714286,36.9342857142857,29.2557142857143,8.01428571428571,12.4214285714286,23.8771428571429,0.844285714285714,6.15142857142857,2168852857.0,16.7414285714286,11.3414285714286,37.7528571428571,11374285714.2857,27180000000.0,29988571428.5714,3.07428571428571,14.4314285714286,28.91,19.5714285714286,2023-04-22 00:00:00,2.9
SP500 ElecEquip Instr Comps Mean,133.395714285714,3.02,6.03285714285714,13.0171428571429,1.67714285714286,1.77714285714286,77.5214285714286,36.9342857142857,20.74,4.69428571428571,12.4214285714286,24.7257142857143,0.545714285714286,6.15142857142857,738852857.0,9.35857142857143,5.88571428571429,23.7257142857143,5215714285.71429,26215714285.7143,28941428571.4286,3.00714285714286,14.4371428571429,29.9357142857143,18.9971428571429,2023-04-28 00:00:00,2.80142857142857
SP500 ElecEquip Instr Comps Mean,130.285714285714,2.90857142857143,5.83142857142857,9.31142857142857,1.69285714285714,1.26142857142857,29.9414285714286,36.4914285714286,11.9057142857143,4.75857142857143,12.4657142857143,25.1885714285714,0.397142857142857,6.15142857142857,1608571428.57143,10.7085714285714,7.93857142857143,23.0285714285714,6907142857.14286,25528571428.5714,28255714285.7143,2.90571428571429,14.13,29.0428571428571,18.4228571428571,2023-05-07 00:00:00,2.79857142857143
SP500 ElecEquip Instr Comps Mean,130.59,2.90571428571429,5.58571428571429,20.4742857142857,1.72,2.67142857142857,100.55,36.5485714285714,27.19,7.87428571428572,12.5914285714286,25.2757142857143,0.834285714285714,6.15142857142857,2107434285.71429,16.3771428571429,10.6542857142857,38.0914285714286,11201428571.4286,25240000000.0,27878571428.5714,2.90571428571429,13.96,28.76,18.5728571428571,2023-05-13 00:00:00,2.80285714285714
SP500 ElecEquip Instr Comps Mean,136.521428571429,2.90571428571429,5.58571428571429,21.0485714285714,1.72,2.71142857142857,100.137142857143,36.5485714285714,27.1471428571429,7.88428571428572,12.5914285714286,25.2757142857143,0.834285714285714,6.15142857142857,2113148571.42857,16.4428571428571,10.6971428571429,38.0285714285714,11207142857.1429,25240000000.0,27878571428.5714,2.90571428571429,13.96,28.76,18.5728571428571,2023-05-20 00:00:00,2.91857142857143
SP500 ElecEquip Instr Comps Mean,131.888571428571,2.97,5.66428571428571,20.3571428571429,1.75285714285714,2.71142857142857,100.137142857143,36.2785714285714,27.1471428571429,7.88428571428572,12.49,25.2228571428571,0.834285714285714,6.15142857142857,2113148571.42857,16.4428571428571,10.6971428571429,38.0285714285714,11207142857.1429,25584285714.2857,28222857142.8571,2.96285714285714,14.0914285714286,29.0628571428571,18.7785714285714,2023-05-27 00:00:00,2.85142857142857
SP500 ElecEquip Instr Comps Mean,134.611428571429,2.97,5.66428571428571,20.7271428571429,1.75285714285714,2.71142857142857,100.137142857143,36.2785714285714,27.1471428571429,7.88428571428572,12.49,25.2228571428571,0.834285714285714,6.15142857142857,2113148571.42857,16.4428571428571,10.6971428571429,38.0285714285714,11207142857.1429,25584285714.2857,28222857142.8571,2.96285714285714,14.0914285714286,29.0628571428571,18.7785714285714,2023-06-03 00:00:00,2.90714285714286
SP500 ElecEquip Instr Comps Mean,137.375714285714,3.01428571428571,5.78714285714286,21.2214285714286,1.75285714285714,2.71142857142857,100.137142857143,36.2785714285714,27.1471428571429,7.88428571428572,12.49,24.9157142857143,0.834285714285714,6.15142857142857,2113148571.42857,16.4428571428571,10.6971428571429,38.0285714285714,11207142857.1429,26530000000.0,29302857142.8571,3.04571428571428,14.4628571428571,30.0171428571429,19.34,2023-06-10 00:00:00,2.97
SP500 ElecEquip Instr Comps Mean,132.858571428571,3.01428571428572,6.01857142857143,22.78,1.15285714285714,1.83,107.368571428571,40.58,28.1985714285714,7.84857142857143,12.98,22.48,0.837142857142857,6.49714285714286,2170942857.14286,16.3985714285714,11.5357142857143,41.0914285714286,11520000000.0,28688571428.5714,31771428571.4286,3.26142857142857,15.28,26.84,19.5657142857143,2023-06-16 00:00:00,3.00285714285714
SP500 ElecEquip Instr Comps Mean,129.55,2.99,6.01285714285714,22.1857142857143,1.15285714285714,1.83,107.368571428571,40.58,28.1985714285714,7.84857142857143,12.98,22.7414285714286,0.837142857142857,6.49714285714286,2170942857.14286,16.3985714285714,11.5357142857143,41.0914285714286,11520000000.0,28505714285.7143,31588571428.4286,3.20714285714286,15.0614285714286,26.7471428571429,19.6614285714286,2023-06-23 00:00:00,2.93714285714286
SP500 ElecEquip Instr Comps Mean,134.855714285714,3.05571428571429,6.09142857142857,23.0857142857143,1.15285714285714,1.83,1.07367142857143,40.58,28.1985714285714,7.84857142857143,12.98,22.1157142857143,0.837142857142857,6.49714285714286,2170942857.14286,16.3985714285714,11.5357142857143,41.0914285714286,11520000000.0,29222857142.8571,32305714285.7143,3.29571428571429,15.47,27.32,20.0457142857143,2023-06-30 00:00:00,3.04
SP500 ElecEquip Instr Comps Mean,135.291428571429,3.09,6.17714285714286,23.0485714285714,1.15285714285714,1.83,1.07367142857143,40.58,28.1985714285714,7.84857142857143,12.98,22.2171428571428,0.837142857142857,6.49714285714286,2170942857.14286,16.3985714285714,11.5357142857143,41.0914285714286,11520000000.0,29248571428.5714,32330000000.0,3.28714285714286,15.4457142857143,27.6185714285714,20.27,2023-07-08 00:00:00,3.02857142857143
SP500 ElecEquip Instr Comps Mean,141.947142857143,3.20142857142857,6.42857142857143,24.1828571428571,1.15285714285714,1.83,1.07367142857143,40.58,28.1985714285714,7.84857142857143,12.98,21.3242857142857,0.837142857142857,6.49714285714286,2170942857.14286,16.3985714285714,11.5357142857143,41.0914285714286,11520000000.0,30232857142.7143,33312857142.8571,3.40857142857143,16.0057142857143,28.8071428571429,20.7957142857143,2023-07-14 00:00:00,3.15142857142857
SP500 ElecEquip Instr Comps Mean,138.882857142857,3.12571428571429,6.33142857142857,23.5285714285714,1.15285714285714,1.83,1.07367142857143,40.58,28.1985714285714,7.84857142857143,12.98,22.0914285714286,0.837142857142857,6.49714285714286,2170942857.14286,16.3985714285714,11.5357142857143,41.0914285714286,11520000000.0,29577142857.1429,32658571428.5714,3.33285714285714,15.6714285714286,27.9728571428571,20.4057142857143,2023-07-21 00:00:00,3.07714285714286
