symbol,Price,Trailing P/E,Forward P/E,Price/Sales (ttm),Price/Book (mrq),Price/CashFlow,Quick Ratio,Current Ratio,Total Debt to Equity (mrq),Total Debt to Capital,Return on Equity,Return on Assets,Return on Invested Capital (ttm),Book Value/Market Value,Asset Turnover,Inventory Turnover (ttm),EBITDA,Operating Margin,Profit Margin,Gross Margin ttm,Revenue,Market Cap,Enterprise Value,Enterprise Value/Revenue,Enterprise Value/EBITDA,Date,Forward Price/Sales
SP500 Metals and Mining Mean ,70.75,14.38,11.9066666666667,2.48,2.78666666666667,7.57666666666667,1.58333333333333,2.55666666666667,35.5966666666667,28.4766666666667,29.3766666666667,14.2466666666667,15.18,38.7233333333333,0.8,4.34333333333333,8870000000.0,30.8833333333333,18.0766666666667,42.8033333333333,23843333333.3333,45883333333.3333,47853333333.3333,2.55333333333333,6.31666666666667,2022-02-05,0.0
SP500 Metals and Mining Mean ,64.8333333333333,15.0566666666667,12.3133333333333,2.54666666666667,2.79333333333333,7.29,1.59666666666667,2.55666666666667,35.5966666666667,28.9733333333333,29.3766666666667,14.2466666666667,5.74333333333333,40.1,0.916666666666667,4.02,8870000000.0,30.8833333333333,18.0766666666667,42.8033333333333,23843333333.3333,44070000000.0,46440000000.0,2.55666666666667,6.55333333333333,2022-01-29,0.0
SP500 Metals and Mining Mean ,69.1233333333333,14.4366666666667,11.7966666666667,2.44333333333333,2.77666666666667,9.09,1.59666666666667,2.56666666666667,37.1333333333333,28.9733333333333,24.5833333333333,11.8233333333333,5.74333333333333,40.4133333333333,0.813333333333333,4.02,7753333333.33333,29.11,16.9966666666667,25.9266666666667,21590000000.0,43256666666.6667,45620000000.0,2.52,6.46333333333333,2022-01-22,0.0
SP500 Metals and Mining Mean ,72.79,14.6933333333333,12.0066666666667,2.48666666666667,2.86666666666667,9.31666666666667,1.59666666666667,2.56666666666667,37.1333333333333,28.9733333333333,24.5833333333333,11.8233333333333,5.74333333333333,38.64,0.813333333333333,4.02,7753333333.33333,29.11,16.9966666666667,25.9266666666667,21590000000.0,44483333333.3333,46846666666.6667,2.56,6.63,2022-01-14,0.0
SP500 Metals and Mining Mean,71.9333333333333,14.6933333333333,12.0066666666667,2.48666666666667,2.86666666666667,8.98,1.59666666666667,2.56666666666667,37.1333333333333,28.9733333333333,24.5833333333333,11.8233333333333,5.74333333333333,38.64,0.813333333333333,4.02,7753333333.33333,29.11,16.9966666666667,25.9266666666667,21590000000,44483333333.3333,46846666666.6667,2.56,6.63,2022-01-08 00:00:00,0.0
SP500 Metals and Mining Mean,72.3533333333333,14.6933333333333,12.0066666666667,2.48666666666667,2.86666666666667,9.16333333333333,1.59666666666667,2.56666666666667,37.1333333333333,28.9733333333333,24.5833333333333,11.8233333333333,5.74333333333333,38.64,0.813333333333333,4.02,7763333333.33333,29.11,16.9966666666667,25.9266666666667,21590000000,44483333333.3333,46846666666.6667,2.56,6.63,2022-01-01 00:00:00,0.0
SP500 Metals and Mining Mean,70.76,14.6933333333333,12.0066666666667,2.48666666666667,2.86666666666667,8.87333333333333,1.59666666666667,2.56666666666667,37.1333333333333,28.9733333333333,24.5833333333333,11.8233333333333,5.74333333333333,38.64,0.813333333333333,4.02,7763333333.33333,29.11,16.9966666666667,25.9266666666667,21590000000,44483333333.3333,46846666666.6667,2.56,6.63,2021-12-23 00:00:00,0.0
SP500 Metals and Mining Mean ,70.3933333333333,14.6933333333333,12.0066666666667,2.48666666666667,2.86666666666667,8.77,1.59666666666667,2.56666666666667,37.1333333333333,28.9733333333333,24.5833333333333,11.8233333333333,5.74333333333333,38.64,0.813333333333333,4.02,7763333333.33333,29.11,16.9966666666667,25.9266666666667,21590000000.0,44483333333.3333,46846666666.6667,2.56,6.63,2021-12-18,0.0
SP500 Metals and Mining Mean ,69.19,14.6633333333333,11.9766666666667,2.48,2.85,8.60666666666667,1.59666666666667,2.56666666666667,37.1333333333333,28.9733333333333,24.5833333333333,11.8233333333333,5.74333333333333,38.9633333333333,0.813333333333333,4.02,7763333333.33333,29.11,16.9966666666667,25.9266666666667,21590000000.0,44273333333.3333,46640000000.0,2.55666666666667,6.60666666666667,2021-12-11,0.0
SP500 Metals and Mining Mean ,65.9766666666667,14.0133333333333,11.4533333333333,2.37,2.73666666666667,5.72333333333333,1.59666666666667,1.72333333333333,23.2366666666667,28.9733333333333,10.5066666666667,5.46,5.74333333333333,40.7166666666667,0.27,4.02,5203333333.33333,21.8933333333333,11.71,35.305,11130000000.0,42443333333.3333,44810000000.0,2.45,6.33,2021-12-04,0.0
SP500 Metals and Mining Mean ,69.97,14.5833333333333,11.9666666666667,2.46333333333333,2.84333333333333,8.64,1.59666666666667,2.56666666666667,37.1333333333333,28.9733333333333,24.5833333333333,11.8233333333333,5.74333333333333,38.6266666666667,0.813333333333333,4.02,7763333333.33333,29.11,16.9966666666667,25.9266666666667,21590000000.0,44130000000.0,46496666666.6667,2.54,6.6,2021-11-29,0.0
SP500 Metals and Mining Mean ,69.22,14.8233333333333,12.2133333333333,2.50666666666667,2.86666666666667,8.65666666666667,1.59666666666667,2.56666666666667,37.1333333333333,28.9733333333333,24.5833333333333,11.8233333333333,5.74333333333333,38.7466666666667,0.813333333333333,4.02,7763333333.33333,29.11,16.9966666666667,25.9266666666667,21590000000.0,44616666666.6667,46983333333.3333,2.58333333333333,6.66,2021-11-20,0.0
SP500 Metals and Mining Mean ,71.04,15.3866666666667,14.0966666666667,2.60333333333333,2.99333333333333,8.94,1.58666666666667,2.56666666666667,37.1333333333333,28.9733333333333,24.5833333333333,11.8233333333333,5.74333333333333,37.3466666666667,0.813333333333333,4.02,7763333333.33333,29.11,16.9966666666667,25.9266666666667,21590000000.0,46463333333.3333,48830000000.0,2.68,6.90666666666667,2021-11-13,0.0
SP500 Metals and Mining Mean ,67.8833333333333,14.5433333333333,13.07,2.45666666666667,2.81333333333333,8.39666666666667,1.59333333333333,2.56666666666667,36.78,28.86,24.5833333333333,11.8166666666667,5.69333333333333,39.37,0.813333333333333,4.02,7753333333.33333,29.05,16.9966666666667,25.9266666666667,21590000000.0,43796666666.6667,46160000000.0,2.53333333333333,6.57,2021-11-06,0.0
SP500 Metals and Mining Mean ,67.47,12.7366666666667,12.61,2.44,2.76666666666667,8.15666666666667,1.66666666666667,2.56666666666667,36.5066666666667,30.6466666666667,25.8266666666667,11.99,5.87666666666667,38.0266666666667,0.816666666666667,4.02,7860000000.0,29.7266666666667,19.1066666666667,25.55,21683333333.3333,43530000000.0,45893333333.3333,2.52,6.04333333333333,2021-10-30,0.0
SP500 Metals and Mining Mean ,65.89,15.9633333333333,12.4933333333333,2.62,3.04,8.18666666666667,1.66666666666667,2.56666666666667,36.5066666666667,30.6466666666667,25.8266666666667,12.1133333333333,5.87666666666667,37.9133333333333,0.816666666666667,4.02,7923333333.33333,30.0566666666667,19.1066666666667,25.55,21683333333.3333,43890000000.0,46259999999.6667,2.71,7.31333333333333,2021-10-23,0.0
SP500 Metals and Mining Mean ,65.3766666666667,14.9733333333333,11.7233333333333,2.45666666666667,2.84333333333333,9.09,1.66666666666667,2.68666666666667,38.7066666666667,30.6466666666667,19.08,9.23333333333333,5.87666666666667,39.7266666666667,0.706666666666667,4.02,6466666666.66667,26.71,16.56,26.84,19140000000.0,41330000000.0,43700000000.0,2.56333333333333,6.94333333333333,2021-10-15,0.0
SP500 Metals and Mining Mean ,62.6266666666667,14.4133333333333,12.0266666666667,2.37666666666667,2.72,8.63,1.66666666666667,2.68666666666667,38.7066666666667,30.6466666666667,19.08,9.23333333333333,5.87666666666667,40.5633333333333,0.706666666666667,4.02,6466666666.66667,26.71,16.56,26.84,19140000000.0,39760000000.0,42123333333.3333,2.47666666666667,6.74,2021-10-09,0.0
SP500 Metals and Mining Mean ,61.7733333333333,14.3166666666667,12.0033333333333,2.37,2.67666666666667,8.45666666666667,1.66666666666667,2.68666666666667,38.7066666666667,30.6466666666667,19.08,9.23333333333333,5.87666666666667,39.0566666666667,0.706666666666667,4.02,6466666666.66667,26.71,16.56,26.84,19140000000.0,41153333333.3333,43516666666.6667,2.55333333333333,6.98,2021-10-02,0.0
SP500 Metals and Mining Mean ,61.8533333333333,14.3166666666667,12.0033333333333,2.37,2.67666666666667,8.43666666666667,1.66666666666667,2.68666666666667,38.7066666666667,30.6466666666667,19.08,9.23333333333333,5.87666666666667,39.0566666666667,0.706666666666667,4.02,6466666666.66667,26.71,16.56,26.84,19140000000.0,41153333333.3333,43516666666.6667,2.55333333333333,6.98,2021-09-25,0.0
SP500 Metals and Mining Mean ,66.5166666666667,15.29,12.69,2.5,2.90666666666667,9.0,1.66666666666667,2.68666666666667,38.7066666666667,30.6466666666667,19.08,9.23333333333333,5.87666666666667,38.1633333333333,0.706666666666667,4.02,6466666666.66667,26.71,16.56,26.84,19140000000.0,42243333333.3333,44613333333.3333,2.60666666666667,7.15666666666667,2021-09-18,0.0
SP500 Metals and Mining Mean ,68.23,15.65,13.0166666666667,2.56333333333333,2.97,9.22333333333333,1.66666666666667,2.68666666666667,38.7066666666667,30.6466666666667,19.08,9.23333333333333,5.87666666666667,37.1933333333333,0.706666666666667,4.02,6466666666.66667,26.71,16.56,26.84,19140000000.0,43233333333.3333,45606666666.6667,2.66666666666667,7.32333333333333,2021-09-11,0.0
SP500 Metals and Mining Mean ,70.0866666666667,16.08,12.7566666666667,2.62333333333333,3.06666666666667,9.49333333333333,1.66666666666667,2.68666666666667,38.7066666666667,30.6466666666667,19.08,9.23333333333333,5.87666666666667,36.3333333333333,0.706666666666667,4.02,6466666666.66667,26.71,16.56,26.84,19140000000.0,44450000000.0,46816666666.6667,2.73,7.51,2021-09-04,0.0
SP500 Metals and Mining Mean ,69.7433333333333,15.8666666666667,12.0366666666667,2.59333333333333,3.01333333333333,9.33333333333333,1.66666666666667,2.68666666666667,38.7066666666667,30.6466666666667,19.08,9.23333333333333,5.87666666666667,36.45,0.706666666666667,4.02,6466666666.66667,26.71,16.56,26.84,19140000000.0,43850000000.0,46220000000.0,2.69666666666667,7.45,2021-08-28,0.0
SP500 Metals and Mining Mean ,68.79,15.59,11.51,2.55666666666667,2.93,9.13333333333333,1.66666666666667,2.68666666666667,38.7066666666667,30.6466666666667,19.08,9.23333333333333,5.87666666666667,36.72,0.706666666666667,4.02,6466666666.66667,26.71,16.56,26.84,19140000000.0,43040000000.0,45410000000.0,2.66,7.35666666666667,2021-08-21,0.0
SP500 Metals and Mining Mean ,73.9933333333333,16.9033333333333,12.6033333333333,2.75,3.23666666666667,9.95333333333333,1.66666666666667,2.68666666666667,38.7066666666667,30.6466666666667,19.08,9.23333333333333,5.87666666666667,34.7266666666667,0.706666666666667,4.02,6466666666.66667,26.71,16.56,26.84,19140000000.0,46753333333.3333,49120000000.0,2.85333333333333,7.87333333333333,2021-08-14,0.0
SP500 Metals and Mining Mean ,66.2033333333333,15.9033333333333,12.0533333333333,2.63666666666667,2.97,9.17666666666667,1.65666666666667,2.68666666666667,38.2333333333333,30.6466666666667,19.08,9.27666666666667,5.87666666666667,37.1433333333333,0.706666666666667,4.02,6463333333.33333,26.7633333333333,16.56,26.84,19140000000.0,43766666666.6667,46133333333.3333,2.74,7.34333333333333,2021-08-07,0.0
SP500 Metals and Mining Mean ,68.2133333333333,16.51,12.5,2.73666666666667,3.09666666666667,9.52666666666667,1.65666666666667,2.68666666666667,38.2333333333333,30.6466666666667,19.08,9.27666666666667,5.87666666666667,36.0666666666667,0.706666666666667,4.02,6463333333.33333,26.7633333333333,16.56,26.84,19140000000.0,45446666666.6667,47816666666.6667,2.84,7.58666666666667,2021-07-31,0.0
SP500 Metals and Mining Mean ,63.21,15.4366666666667,12.1,2.56666666666667,2.87333333333333,8.9,1.68333333333333,2.68666666666667,38.2333333333333,32.33,19.08,9.27666666666667,6.02333333333333,36.89,0.706666666666667,4.02,6463333333.33333,26.7633333333333,16.56,26.84,19140000000.0,42436666666.6667,44803333333.3333,2.67,7.10666666666667,2021-07-26,0.0
SP500 Metals and Mining Mean ,64.4333333333333,22.4366666666667,13.2733333333333,2.93,3.10666666666667,10.76,1.68333333333333,2.75,41.3766666666667,32.33,12.92,6.65666666666667,6.02333333333333,35.77,0.6,4.02,5126666666.66667,23.02,13.51,29.66,16523333333.3333,43303333333.3333,46223333333.3333,3.09333333333333,9.63666666666666,2021-07-17,0.0
SP500 Metals and Mining Mean ,63.7166666666667,22.5,13.2966666666667,2.93333333333333,3.11666666666667,10.7,1.68333333333333,2.75,41.3766666666667,32.33,12.92,6.65666666666667,6.02333333333333,35.68,0.6,4.02,5126666666.66667,23.02,13.51,29.66,16523333333.3333,43410000000.0,46330000000.0,3.09666666666667,9.66333333333333,2021-07-09,0.0
SP500 Metals and Mining Mean ,65.5333333333333,23.1233333333333,13.54,2.99333333333333,3.22666666666667,11.0866666666667,1.68333333333333,2.75,41.3766666666667,32.33,12.92,6.65666666666667,6.02333333333333,35.27,0.6,4.02,5126666666.66667,23.02,13.51,29.66,16523333333.3333,44473333333.3333,47393333333.3333,3.15666666666667,9.85333333333333,2021-07-03,0.0
SP500 Metals and Mining Mean ,65.9,23.0966666666667,13.5533333333333,2.99666666666667,3.22,11.1466666666667,1.68333333333333,2.75,41.3766666666667,32.33,12.92,6.65666666666667,6.02333333333333,35.37,0.6,4.02,5126666666.66667,23.02,13.51,29.66,16523333333.3333,44440000000.0,47360000000.0,3.15333333333333,9.83333333333333,2021-06-26,0.0
SP500 Metals and Mining Mean ,64.69,22.9266666666667,13.6833333333333,2.97333333333333,3.18,10.8566666666667,1.68333333333333,2.75,41.3766666666667,32.33,12.92,6.65666666666667,6.02333333333333,34.94,0.6,4.02,5126666666.66667,23.02,13.51,29.66,16523333333.3333,44143333333.3333,47060000000.0,3.13666666666667,9.86,2021-06-19,0.0
SP500 Metals and Mining Mean ,72.5033333333333,25.5066666666667,15.26,3.32333333333333,3.54333333333333,12.2266666666667,1.68333333333333,2.75,41.3766666666667,32.33,12.92,6.65666666666667,6.02333333333333,31.7266666666667,0.6,4.02,5126666666.66667,23.02,13.51,29.66,16523333333.3333,49190000000.0,52110000000.0,3.48333333333333,10.8266666666667,2021-06-11,0.0
SP500 Metals and Mining Mean ,73.3333333333333,26.13,16.43,3.38666666666667,3.64,12.4533333333333,1.68333333333333,2.75,41.3766666666667,32.33,12.92,6.65666666666667,6.02333333333333,31.2033333333333,0.6,4.02,5126666666.66667,23.02,13.51,29.66,16523333333.3333,50279999999.6667,53200000000.0,3.55,11.0533333333333,2021-06-05,0.0
SP500 Metals and Mining Mean ,72.2433333333333,25.8333333333333,16.4433333333333,3.4,3.58666666666667,12.4533333333333,1.68333333333333,2.75,41.3766666666667,32.33,12.92,6.65666666666667,6.02333333333333,31.6466666666667,0.6,4.02,5126666666.66667,23.02,13.51,29.66,16523333333.3333,50030000000.0,52946666666.3333,3.56333333333333,10.88,2021-05-29,0.0
SP500 Metals and Mining Mean ,72.0666666666667,25.8833333333333,16.4933333333333,3.40666666666667,3.58666666666667,12.3366666666667,1.68333333333333,2.75,41.3766666666667,32.33,12.92,6.65666666666667,6.02333333333333,31.53,0.6,4.02,5126666666.66667,23.02,13.51,29.66,16523333333.3333,50126666666.6667,53046666666.6667,3.57,10.91,2021-05-22,0.0
SP500 Metals and Mining Mean ,70.5633333333333,25.3,15.8633333333333,3.28,3.54,12.14,1.68333333333333,2.75,41.3766666666667,32.33,12.92,6.65666666666667,6.02333333333333,32.75,0.6,4.02,5126666666.66667,23.02,13.51,29.66,16523333333.3333,48680000000.0,51599999999.6667,3.44333333333333,10.6366666666667,2021-05-14,0.0
SP500 Metals and Mining Mean ,68.2166666666667,24.3466666666667,15.22,3.16,3.41666666666667,11.87,1.67666666666667,2.75,41.1733333333333,32.33,12.92,6.65666666666667,6.02333333333333,34.5633333333333,0.6,4.02,5126666666.66667,23.02,13.51,29.66,16523333333.3333,46856666666.6667,49776666666.3333,3.32666666666667,10.1933333333333,2021-05-08,0.0
SP500 Metals and Mining Mean ,61.04,21.7766666666667,14.5266666666667,3.0,3.15666666666667,10.6466666666667,1.86,2.79,41.22,34.6433333333333,13.3566666666667,6.45,6.06,35.9766666666667,0.596666666666667,4.02,5006666666.66667,22.19,14.4566666666667,30.1,16426666666.6667,43606666666.6667,46503333333.3333,3.12,9.46333333333333,2021-05-01,0.0
SP500 Metals and Mining Mean ,58.8433333333333,39.6733333333333,13.4066666666667,3.09333333333333,3.10333333333333,12.0,1.86,2.95,44.0133333333333,34.6433333333333,7.91,4.6,6.06,35.8133333333333,0.556666666666667,4.02,4036666666.33333,17.6933333333333,10.8033333333333,31.6033333333333,15280000000.0,43296666666.6667,46483333333.3333,3.39,13.04,2021-04-23,0.0
SP500 Metals and Mining Mean ,60.5033333333333,47.4466666666667,14.0866666666667,3.18,3.23666666666667,12.55,1.86,2.95,44.0133333333333,34.6433333333333,7.91,4.6,6.06,36.0333333333333,0.556666666666667,4.02,4036666666.33333,17.6933333333333,10.8033333333333,31.6033333333333,15280000000.0,43130000000.0,46313333333.3333,3.37333333333333,13.03,2021-04-17,0.0
SP500 Metals and Mining Mean ,58.59,45.45,13.47,3.02333333333333,3.09666666666667,11.86,1.86,2.95,44.0133333333333,34.6433333333333,7.91,4.6,6.06,37.32,0.556666666666667,4.02,4036666666.33333,17.6933333333333,10.8033333333333,31.6033333333333,15280000000.0,41186666666.6667,44370000000.0,3.22333333333333,12.6,2021-04-10,0.0
SP500 Metals and Mining Mean ,57.8233333333333,44.1566666666667,13.4166666666667,2.98,3.02333333333333,11.5633333333333,1.86,2.95,44.0133333333333,34.6433333333333,7.91,4.6,6.06,37.7433333333333,0.556666666666667,4.02,4036666666.33333,17.6933333333333,10.8033333333333,31.6033333333333,15280000000.0,40466666666.6667,43650000000.0,3.17666666666667,12.3766666666667,2021-04-02,0.0
SP500 Metals and Mining Mean ,54.6033333333333,40.8833333333333,12.01,2.81,2.80666666666667,11.0033333333333,1.86,2.95,44.0133333333333,34.6433333333333,7.91,4.6,6.06,41.2666666666667,0.556666666666667,4.02,4036666666.33333,17.6933333333333,10.8033333333333,31.6033333333333,15280000000.0,37900000000.0,41083333333.3333,3.00666666666667,11.4233333333333,2021-03-27,0.0
SP500 Metals and Mining Mean ,56.0266666666667,44.1466666666667,15.93,3.01,3.01333333333333,11.7366666666667,1.86,2.95,44.0133333333333,34.6433333333333,7.91,4.6,6.06,41.55,0.556666666666667,4.02,4036666666.33333,17.6933333333333,10.8033333333333,31.6033333333333,15280000000.0,40410000000.0,43593333333.3333,3.21333333333333,11.8166666666667,2021-03-20,0.0
SP500 Metals and Mining Mean ,54.5833333333333,43.9366666666667,16.0433333333333,2.90666666666667,2.97666666666667,11.7733333333333,1.86,2.95,44.0133333333333,34.6433333333333,7.91,4.6,6.06,40.8133333333333,0.556666666666667,4.02,4036666666.33333,17.6933333333333,10.8033333333333,31.6033333333333,15280000000.0,39376666666.6667,42560000000.0,3.10333333333333,11.84,2021-03-13,0.0
SP500 Metals and Mining Mean ,49.5066666666667,42.6233333333333,15.1533333333333,2.8,2.88,10.56,1.8,2.95,44.0133333333333,34.5066666666667,7.91,4.6,6.05,43.81,0.556666666666667,4.02,4036666666.33333,17.6933333333333,10.8033333333333,31.6033333333333,15280000000.0,37923333333.3333,41106666666.6667,3.00333333333333,11.3466666666667,2021-03-05,0.0
SP500 Metals and Mining Mean ,51.1033333333333,44.65,15.4966666666667,2.9,3.00333333333333,11.1233333333333,11.48,2.95,43.1033333333333,34.3733333333333,7.91,4.58,-146.11,43.7366666666667,0.503333333333333,5.73333333333333,4029999999.66667,17.6633333333333,10.8033333333333,31.57,15280000000.0,39250000000.0,42436666666.6667,3.10333333333333,11.6166666666667,2021-02-26,0.0
SP500 Metals and Mining Mean ,49.3333333333333,41.25,15.04,2.81,2.77666666666667,10.7533333333333,1.84333333333333,2.95,43.1033333333333,34.28,7.91,4.58,6.08,44.6533333333333,0.406666666666667,3.68666666666667,4059999999.66667,17.6633333333333,10.8033333333333,30.93,15280000000.0,36983333333.3333,40313333333.3333,2.97,10.98,2021-02-20,0.0
SP500 Metals and Mining Mean ,48.0733333333333,40.0733333333333,14.9166666666667,2.79,2.71666666666667,10.59,1.84333333333333,3.05333333333333,42.7666666666667,34.28,7.62,4.36,5.77333333333333,44.53,0.403333333333333,3.62666666666667,3836666666.66667,16.7266666666667,10.33,26.89,15140000000.0,36653333333.3333,39983333333.3333,3.00666666666667,11.0166666666667,2021-02-14,0.0
SP500 Metals and Mining Mean ,46.4933333333333,36.5633333333333,14.8333333333333,2.66,2.49666666666667,10.22,1.84333333333333,3.05333333333333,42.7666666666667,34.28,7.62,4.36,5.77333333333333,48.52,0.403333333333333,3.62666666666667,3836666666.66667,16.7266666666667,10.33,26.89,15140000000.0,34490000000.0,37826666666.6667,2.87333333333333,10.2133333333333,2021-02-05,0.0
SP500 Metals and Mining Mean ,48.9233333333333,20.1733333333333,18.7,2.89666666666667,2.90666666666667,13.4933333333333,1.85,3.07333333333333,46.16,35.93,5.27,3.59,4.36,42.5,0.41,3.34333333333333,3476666666.66667,14.1166666666667,8.69333333333333,24.31,14900000000.0,37236666666.6667,41073333333.3333,3.15333333333333,13.1666666666667,2021-01-23,0.0
SP500 Metals and Mining Mean ,50.6666666666667,20.1733333333333,18.7,2.89666666666667,2.90666666666667,14.14,1.85,3.07333333333333,46.16,35.93,5.27,3.59,4.36,42.5,0.41,3.34333333333333,3476666666.66667,14.1166666666667,8.69333333333333,24.31,14900000000.0,37236666666.6667,41073333333.3333,3.15333333333333,13.1666666666667,2021-01-16,0.0
SP500 Metals and Mining Mean ,50.8333333333333,20.12,18.7633333333333,2.85333333333333,2.89,14.02,1.85,3.07333333333333,46.16,35.93,5.27,3.59,4.36,42.81,0.41,3.34333333333333,3476666666.66667,14.1166666666667,8.69333333333333,24.31,14900000000.0,36760000000.0,40600000000.0,3.11,13.1,2021-01-09,0.0
SP500 Metals and Mining Mean ,46.62,19.41,18.5866666666667,2.65666666666667,2.59,12.4133333333333,1.85,3.07333333333333,46.16,35.93,5.27,3.59,4.36,45.2233333333333,0.41,3.34333333333333,3476666666.66667,14.1166666666667,8.69333333333333,24.31,14900000000.0,33989999999.6667,37833333333.3333,2.91333333333333,12.0366666666667,2021-01-02,0.0
SP500 Metals and Mining Mean ,45.7366666666667,19.3,18.1966666666667,2.61666666666667,2.52666666666667,11.9266666666667,1.85,3.07333333333333,46.16,35.93,5.27,3.59,4.36,45.7866666666667,0.41,3.34333333333333,3476666666.66667,14.1166666666667,8.69333333333333,24.31,14900000000.0,33480000000.0,37316666666.6667,2.88,11.8033333333333,2020-12-26,0.0
SP500 Metals and Mining Mean ,47.27,20.2966666666667,18.3166666666667,2.63666666666667,2.55666666666667,12.1033333333333,1.85,3.07333333333333,46.16,35.93,5.27,3.59,4.36,44.2266666666667,0.41,3.34333333333333,3476666666.66667,14.1166666666667,8.69333333333333,24.31,14900000000.0,33826666666.6667,37670000000.0,2.89666666666667,12.02,2020-12-19,0.0
SP500 Metals and Mining Mean ,47.05,20.11,17.96,2.59666666666667,2.54,12.0533333333333,1.85,3.07333333333333,46.16,35.93,5.27,3.59,4.36,44.6633333333333,0.41,3.34333333333333,3476666666.66667,14.1166666666667,8.69333333333333,24.31,14900000000.0,33383333333.3333,37223333333.3333,2.86,11.9366666666667,2020-12-13,0.0
SP500 Metals and Mining Mean ,46.2333333333333,19.8066666666667,17.9433333333333,2.61333333333333,2.55333333333333,11.8666666666667,1.85,3.07333333333333,46.16,35.93,5.27,3.59,4.36,44.9266666666667,0.41,3.34333333333333,3476666666.66667,14.1166666666667,8.69333333333333,24.31,14900000000.0,33596666666.3333,37436666666.6667,2.87666666666667,11.9533333333333,2020-12-07,0.0
SP500 Metals and Mining Mean ,45.3666666666667,19.6166666666667,17.4533333333333,2.52,2.45333333333333,11.54,1.85,3.07333333333333,46.16,35.93,5.27,3.59,4.36,45.9333333333333,0.41,3.34333333333333,3476666666.66667,14.1166666666667,8.69333333333333,24.31,14900000000.0,32406666666.3333,36243333333.3333,2.78333333333333,11.6033333333333,2020-11-28,0.0
SP500 Metals and Mining Mean ,45.1166666666667,19.5266666666667,16.8166666666667,2.51666666666667,2.35333333333333,11.0633333333333,1.85,3.07333333333333,46.16,35.93,5.27,3.59,4.36,46.82,0.41,3.34333333333333,3476666666.66667,14.1166666666667,8.69333333333333,24.31,14900000000.0,32050000000.0,35890000000.0,2.78,11.24,2020-11-21,0.0
SP500 Metals and Mining Mean ,44.7166666666667,19.15,16.2733333333333,2.52666666666667,2.27666666666667,10.7566666666667,1.83666666666667,3.07333333333333,45.8033333333333,36.01,5.27,3.57,4.35,48.1366666666667,0.41,3.34333333333333,3476666666.66667,14.0866666666667,8.69333333333333,24.31,14900000000.0,31856666666.6667,35696666666.6667,2.78666666666667,10.96,2020-11-13,0.0
SP500 Metals and Mining Mean,75.0233333333333,15.0,11.9566666666667,2.60333333333333,3.03333333333333,8.07822182230742,1.77,2.55666666666667,35.5966666666667,56.6605699158824,29.3766666666667,14.2466666666667,18.173786530743,36.7057442853788,0.91,1.19666666666667,8870000000.0,30.8833333333333,18.0766666666667,42.8031628446125,23843333333.3333,48606666666.6667,50573333333.3333,2.64666666666667,6.54666666666667,2022-02-12 00:00:00,0.0
SP500 Metals and Mining Mean,77.8733333333333,15.29,12.1233333333333,2.64,3.0,9.39804280449297,1.77,2.57333333333333,36.98,47.3763640254152,25.0733333333333,12.1233333333333,17.5616351017672,34.1936601453264,0.896666666666667,1.19666666666667,8080000000.0,29.4633333333333,17.1266666666667,34.9832898232606,22143333333.3333,48523333333.3333,50490000000.0,2.69,6.64,2022-02-19 00:00:00,0.0
SP500 Metals and Mining Mean,81.43,6.71333333333333,6.11666666666667,1.26,2.29,9.01465550729529,1.76666666666667,2.63333333333333,36.7333333333333,47.2122195762789,27.2166666666667,13.2933333333333,16.2902749872767,33.7656518824905,0.903333333333333,2.43,8333333333.33333,26.0366666666667,15.7,39.3028971345245,23846666666.6667,32006666666.6667,33596666666.6667,1.27,3.28,2022-02-26 00:00:00,0.0
SP500 Metals and Mining Mean,87.7033333333333,23.4833333333333,13.02,2.83666666666667,3.26,9.72345199922136,1.76666666666667,2.63333333333333,37.2766666666667,44.0194213240982,27.2166666666667,13.2966666666667,14.6729690904177,31.219815446247,0.8,4.2,8403333333.33333,26.2033333333333,15.7,39.4848381094386,23846666666.6667,52196666666.6667,54200000000.0,2.86,8.45333333333333,2022-03-05 00:00:00,0.0
SP500 Metals and Mining Mean,86.3566666666667,23.4833333333333,13.02,2.83666666666667,3.26,9.63552718383195,1.76666666666667,2.63333333333333,37.2766666666667,44.0194213240982,27.2166666666667,13.2966666666667,14.6729690904177,31.5464016741567,0.8,4.2,8403333333.33333,26.2033333333333,15.7,39.4848381094386,23846666666.6667,52196666666.6667,54200000000.0,2.86,8.45333333333333,2022-03-12 00:00:00,0.0
SP500 Metals and Mining Mean,86.0666666666667,25.78,13.49,3.05666666666667,3.41666666666667,9.53986844714868,1.76666666666667,2.63333333333333,37.2766666666667,44.0194213240982,27.2166666666667,13.2966666666667,16.7042523495994,31.7758381277422,0.793333333333333,4.2,8403333333.33333,26.2033333333333,15.7,39.4848381094386,23846666666.6667,55203333333.3333,57203333333.3333,3.07666666666667,9.15333333333333,2022-03-19 00:00:00,0.0
SP500 Metals and Mining Mean,96.1666666666667,24.65,11.84,2.8,2.67333333333333,10.3982354353816,1.76666666666667,2.63333333333333,37.2766666666667,44.0194213240982,27.2166666666667,13.2966666666667,16.7042523495994,28.7759047029589,0.793333333333333,4.2,8403333333.33333,26.2033333333333,15.7,39.4848381094386,23846666666.6667,45000000000.0,45976666666.6667,2.82333333333333,8.14666666666667,2022-03-28 00:00:00,0.0
SP500 Metals and Mining Mean,94.3333333333333,26.76,14.22,3.20333333333333,3.64333333333333,10.4507418963951,1.76666666666667,2.63333333333333,37.2766666666667,44.0194213240982,27.2166666666667,13.2966666666667,14.6729690904177,28.9597558861421,0.8,4.2,8403333333.33333,26.2033333333333,15.7,39.4848381094386,23846666666.6667,58523333333.3333,60523333333.3333,3.21333333333333,9.55,2022-04-03 00:00:00,0.0
SP500 Metals and Mining Mean,93.95,27.4866666666667,14.18,3.27333333333333,3.69666666666667,10.306823368463,1.76666666666667,2.63333333333333,37.2766666666667,44.0194213240982,27.2166666666667,13.2966666666667,14.6729690904177,29.190549798347,0.8,4.2,8403333333.33333,26.2033333333333,15.7,39.4848381094386,23846666666.6667,59543333333.3333,61540000000.0,3.29333333333333,9.77333333333333,2022-04-09 00:00:00,0.0
SP500 Metals and Mining Mean,99.76,27.5233333333333,14.02,3.26333333333333,3.66333333333333,10.6935731041403,1.76666666666667,2.63333333333333,37.2766666666667,44.0194213240982,27.2166666666667,13.2966666666667,14.6729690904177,27.8068157806635,0.8,4.2,8403333333.33333,26.2033333333333,15.7,39.4848381094386,23846666666.6667,58946666666.6667,60946666666.6667,3.27,9.75666666666667,2022-04-17 00:00:00,0.0
SP500 Metals and Mining Mean,99.2,28.3633333333333,14.4333333333333,3.36,3.78,10.1,1.66666666666667,2.63333333333333,37.2766666666667,29.42,27.2166666666667,13.2966666666667,21.7133333333333,27.96,0.8,4.71333333333333,8403333333.33333,26.2033333333333,15.7,39.4833333333333,23846666666.6667,61056666666.6667,63056666666.6667,3.37,10.08,2022-04-23 00:00:00,0.0
SP500 Metals and Mining Mean,91.9233333333333,25.6866666666667,12.2033333333333,2.82666666666667,3.22,9.44,1.75,2.63333333333333,37.2766666666667,28.7,27.2166666666667,13.2966666666667,20.4633333333333,32.41,0.8,4.71333333333333,8403333333.33333,26.2033333333333,15.7,39.4833333333333,23846666666.6667,54226666666.6667,56163333333.3333,2.86,8.74333333333333,2022-04-30 00:00:00,0.0
SP500 Metals and Mining Mean,84.2666666666667,24.8166666666667,11.1133333333333,2.35333333333333,3.08666666666667,8.46,1.73,2.72333333333333,37.01,28.85,29.6633333333333,14.3733333333333,20.4766666666667,34.6033333333333,0.863333333333333,4.71333333333333,9333333333.33333,27.0633333333333,16.43,37.31,25643333333.3333,50786666666.6667,53960000000.0,2.72666666666667,8.45,2022-05-07 00:00:00,0.0
SP500 Metals and Mining Mean,74.7766666666667,23.0566666666667,10.24,2.49,2.73666666666667,7.53333333333333,1.73666666666667,2.72333333333333,37.01,28.85,29.6633333333333,14.3733333333333,20.4766666666667,37.97,0.863333333333333,4.71333333333333,9333333333.33333,27.0633333333333,16.43,37.31,25643333333.3333,46506666666.6667,48443333333.3333,2.53666666666667,7.77666666666667,2022-05-13 00:00:00,1.87666666666667
SP500 Metals and Mining Mean,74.5133333333333,22.4766666666667,10.0733333333333,2.44666666666667,2.71333333333333,7.67333333333333,1.73666666666667,2.72333333333333,37.2733333333333,28.85,29.6633333333333,14.44,20.4766666666667,38.71,0.863333333333333,4.71333333333333,9376666666.66667,27.4133333333333,16.43,37.31,25643333333.3333,45943333333.0,47876666666.6667,2.49333333333333,7.61,2022-05-21 00:00:00,1.93666666666667
SP500 Metals and Mining Mean,80.09,22.4766666666667,10.0733333333333,2.44666666666667,2.71333333333333,8.07666666666667,1.73666666666667,2.72333333333333,37.2733333333333,28.85,29.6633333333333,14.44,20.4766666666667,38.71,0.863333333333333,4.71333333333333,9376666666.66667,27.4133333333333,16.43,37.31,25643333333.3333,45943333333.0,47876666666.6667,2.49333333333333,7.61,2022-05-28 00:00:00,2.04
SP500 Metals and Mining Mean,80.7133333333333,22.4766666666667,10.0733333333333,2.44666666666667,2.71333333333333,8.25666666666667,1.73666666666667,2.72333333333333,37.2733333333333,28.85,29.6633333333333,14.44,20.4766666666667,38.71,0.863333333333333,4.71333333333333,9376666666.66667,27.4133333333333,16.43,37.31,25643333333.3333,45943333333.0,47876666666.6667,2.49333333333333,7.61,2022-06-04 00:00:00,2.10666666666667
SP500 Metals and Mining Mean,76.2533333333333,22.4766666666667,10.0733333333333,2.44666666666667,2.71333333333333,7.83,1.73666666666667,2.72333333333333,37.2733333333333,28.85,29.6633333333333,14.44,20.4766666666667,38.71,0.863333333333333,4.71333333333333,9376666666.66667,27.4133333333333,16.43,37.31,25643333333.3333,45943333333.0,47876666666.6667,2.49333333333333,7.61,2022-06-11 00:00:00,2.02333333333333
SP500 Metals and Mining Mean,70.7166666666667,21.5366666666667,9.84666666666667,2.36666666666667,2.65333333333333,7.39333333333333,1.73666666666667,2.72333333333333,37.2733333333333,28.85,29.6633333333333,14.44,20.4766666666667,39.9866666666667,0.863333333333333,4.71333333333333,9376666666.66667,27.4133333333333,16.43,37.31,25643333333.3333,44750000000.0,46680000000.0,2.41333333333333,7.33,2022-06-18 00:00:00,1.87
SP500 Metals and Mining Mean,66.1566666666667,21.87,9.70333333333333,2.35333333333333,2.56333333333333,6.89333333333333,1.73666666666667,2.72333333333333,37.2733333333333,28.85,29.6633333333333,14.44,20.4766666666667,40.8333333333333,0.863333333333333,4.71333333333333,9376666666.66667,27.4133333333333,16.43,37.31,25643333333.3333,43643333333.3333,45580000000.0,2.4,7.36333333333333,2022-06-24 00:00:00,1.73
SP500 Metals and Mining Mean,64.4466666666667,20.97,9.21333333333333,2.24333333333333,2.43,6.65333333333333,1.73666666666667,2.72333333333333,37.2733333333333,28.85,29.6633333333333,14.44,20.4766666666667,42.6333333333333,0.863333333333333,4.71333333333333,9376666666.66667,27.4133333333333,16.43,37.31,25643333333.3333,41410000000.0,43343333333.3333,2.29,7.06,2022-07-02 00:00:00,1.68
SP500 Metals and Mining Mean,66.5266666666667,20.2666666666667,8.84666666666667,2.15666666666667,2.32,6.73333333333333,1.73666666666667,2.72333333333333,37.2733333333333,28.85,29.6633333333333,14.44,20.4766666666667,44.4566666666667,0.863333333333333,4.71333333333333,9376666666.66667,27.4133333333333,16.43,37.31,25643333333.3333,39666666666.6667,41596666666.6667,2.20333333333333,6.81666666666667,2022-07-09 00:00:00,1.68666666666667
SP500 Metals and Mining Mean,62.8166666666667,19.71,8.58666666666667,2.09666666666667,2.28,6.15666666666667,1.73666666666667,2.72333333333333,37.2733333333333,28.85,29.6633333333333,14.44,20.4766666666667,44.8566666666667,0.863333333333333,4.71333333333333,9376666666.66667,27.4133333333333,16.43,37.31,25643333333.3333,38903333333.3333,40840000000.0,2.15,6.66,2022-07-16 00:00:00,1.55333333333333
SP500 Metals and Mining Mean,69.84,18.9433333333333,8.70666666666667,2.07,2.36666666666667,6.58,1.73666666666667,2.84333333333333,39.31,28.85,28.9366666666667,14.1566666666667,20.4766666666667,43.1033333333333,0.86,4.71333333333333,9276666666.66667,27.1366666666667,16.1933333333333,37.51,25533333333.3333,39849999999.6667,41890000000.0,2.10333333333333,6.42333333333333,2022-07-22 00:00:00,1.66
SP500 Metals and Mining Mean,68.68,20.57,9.1,1.86,2.18,6.03333333333333,1.73666666666667,2.72333333333333,38.63,28.85,29.4133333333333,14.2166666666667,20.4766666666667,46.47,0.903333333333333,4.71333333333333,9613333333.33333,26.4166666666667,15.84,36.8666666666667,26536666666.6667,37460000000.0,40260000000.0,1.93333333333333,6.46333333333333,2022-07-29 00:00:00,1.64
SP500 Metals and Mining Mean,69.43,19.9933333333333,9.4,1.81666666666667,2.15333333333333,5.97,1.7,2.72333333333333,38.63,30.22,29.4133333333333,14.2166666666667,18.8466666666667,48.63,0.903333333333333,4.71333333333333,9613333333.33333,26.4166666666667,15.84,36.8666666666667,26536666666.6667,36900000000.0,39696666666.6667,1.89333333333333,6.31666666666667,2022-08-06 00:00:00,1.61
SP500 Metals and Mining Mean,72.9566666666667,20.8533333333333,9.95333333333333,1.92333333333333,2.30333333333333,6.22666666666667,1.7,2.72333333333333,38.63,30.22,29.4133333333333,14.2166666666667,18.8466666666667,45.8466666666667,0.903333333333333,4.71333333333333,9613333333.33333,26.4166666666667,15.84,36.8666666666667,26536666666.6667,39416666666.6667,42220000000.0,1.99333333333333,6.61666666666667,2022-08-13 00:00:00,1.69666666666667
SP500 Metals and Mining Mean,72.8066666666667,20.97,10.0066666666667,1.93333333333333,2.31333333333333,6.16666666666667,1.70666666666667,2.72333333333333,38.9766666666667,30.22,29.4133333333333,14.25,18.8466666666667,45.6033333333333,0.903333333333333,4.71333333333333,9613333333.33333,26.4466666666667,15.84,36.8666666666667,26536666666.6667,39583333333.3333,42443333333.3333,2.0,6.65333333333333,2022-08-19 00:00:00,1.67
SP500 Metals and Mining Mean,74.1933333333333,20.6133333333333,10.05,1.90333333333333,2.27666666666667,6.34,1.70666666666667,2.72333333333333,38.9766666666667,30.22,29.4133333333333,14.25,18.8466666666667,46.6566666666667,0.903333333333333,4.71333333333333,9613333333.33333,26.4466666666667,15.84,36.8666666666667,26536666666.6667,38906666666.6667,41703333333.3333,1.97333333333333,6.54,2022-08-27 00:00:00,1.71666666666667
SP500 Metals and Mining Mean,66.4666666666667,19.29,9.66,1.82666666666667,2.24,5.61333333333333,1.70666666666667,2.72333333333333,38.9766666666667,30.22,29.4133333333333,14.25,18.8466666666667,48.1133333333333,0.903333333333333,4.71333333333333,9613333333.33333,26.4466666666667,15.84,36.8666666666667,26536666666.6667,38126666666.6667,40926666666.6667,1.89666666666667,6.22666666666667,2022-09-03 00:00:00,1.50333333333333
SP500 Metals and Mining Mean,70.81,18.9866666666667,11.73,1.75,2.1,5.95333333333333,1.70666666666667,2.72333333333333,38.9766666666667,30.22,29.4133333333333,14.25,18.8466666666667,50.2233333333333,0.903333333333333,4.71333333333333,9613333333.33333,26.4466666666667,15.84,36.8666666666667,26536666666.6667,35920000000.0,38720000000.0,1.82,6.06,2022-09-09 00:00:00,1.60333333333333
SP500 Metals and Mining Mean,63.15,19.4766666666667,11.7333333333333,1.78333333333333,2.09333333333333,5.68666666666667,1.70666666666667,2.72333333333333,38.9766666666667,30.22,29.4133333333333,14.25,18.8466666666667,50.8233333333333,0.903333333333333,4.71333333333333,9613333333.33333,26.4466666666667,15.84,36.8666666666667,26536666666.6667,35803333333.3333,38603333333.3333,1.85333333333333,6.15,2022-09-16 00:00:00,1.53666666666667
SP500 Metals and Mining Mean,59.9,18.8533333333333,10.97,1.68,1.92666666666667,5.52333333333333,1.70666666666667,2.72333333333333,38.9766666666667,30.22,29.4133333333333,14.25,18.8466666666667,54.3966666666667,0.903333333333333,4.71333333333333,9613333333.33333,26.4466666666667,15.84,36.8666666666667,26536666666.6667,33193333333.0,35993333333.3333,1.75666666666667,5.9,2022-09-24 00:00:00,1.47666666666667
SP500 Metals and Mining Mean,58.4066666666667,18.7433333333333,11.0766666666667,1.69333333333333,1.96333333333333,0.0,1.70666666666667,0.0,0.0,30.22,0.0,0.0,18.8466666666667,54.2,0.0,4.71333333333333,0.0,0.0,0.0,0.0,0,33653333333.3333,36456666666.3333,1.77333333333333,5.89666666666667,2022-10-01 00:00:00,0.0
SP500 Metals and Mining Mean,64.1733333333333,20.22,11.91,1.83666666666667,2.14333333333333,5.85333333333333,1.70666666666667,2.72333333333333,38.9766666666667,30.22,29.4133333333333,14.25,18.8466666666667,49.5833333333333,0.903333333333333,4.71333333333333,9613333333.33333,26.4466666666667,15.84,36.8666666666667,26536666666.6667,36696666666.6667,39496666666.6667,1.90666666666667,6.34666666666667,2022-10-08 00:00:00,1.57
SP500 Metals and Mining Mean,64.9933333333333,18.62,11.9266666666667,1.72333333333333,2.05333333333333,5.67333333333333,1.70666666666667,2.72333333333333,38.9766666666667,30.22,29.4133333333333,14.25,18.8466666666667,51.99,0.903333333333333,4.71333333333333,9613333333.33333,26.4466666666667,15.84,36.8666666666667,26536666666.6667,35053333333.3333,37853333333.3333,1.79333333333333,5.93333333333333,2022-10-16 00:00:00,1.51666666666667
SP500 Metals and Mining Mean,65.06,18.7866666666667,12.0633333333333,1.73666666666667,2.06666666666667,5.84333333333333,1.70666666666667,2.82666666666667,36.1466666666667,30.22,25.16,12.77,18.8466666666667,51.3733333333333,0.896666666666667,4.71333333333333,8973333333.33333,24.48,14.3533333333333,37.52,26236666666.6667,35313333333.3333,38116666666.6667,1.80333333333333,6.01666666666667,2022-10-22 00:00:00,1.51666666666667
SP500 Metals and Mining Mean,70.4333333333333,20.8833333333333,13.09,1.88,2.19333333333333,6.32666666666667,1.70666666666667,2.82666666666667,36.1466666666667,30.22,25.16,12.77,18.8466666666667,47.65,0.896666666666667,4.71333333333333,8973333333.33333,24.48,14.3533333333333,37.52,26236666666.6667,38110000000.0,40513333333.3333,1.95333333333333,6.60333333333333,2022-10-28 00:00:00,1.66
SP500 Metals and Mining Mean,66.04,16.14,14.2966666666667,1.79666666666667,2.12333333333333,5.85,1.70666666666667,2.82666666666667,36.1466666666667,30.22,25.16,12.77,18.8466666666667,50.69,0.896666666666667,4.71333333333333,8973333333.33333,24.48,14.3533333333333,37.52,26236666666.6667,36526666666.6667,39096666666.3333,1.88666666666667,5.92666666666667,2022-11-05 00:00:00,1.55333333333333
SP500 Metals and Mining Mean,74.0633333333333,18.0566666666667,16.2766666666667,2.02333333333333,2.39,7.43333333333333,1.70666666666667,2.79333333333333,36.3866666666667,30.22,25.8666666666667,12.6366666666667,18.8466666666667,45.72,0.896666666666667,4.71333333333333,8846666666.66667,23.6733333333333,14.9766666666667,37.82,26146666666.6667,40976666666.6667,43543333333.3333,2.10666666666667,6.58333333333333,2022-11-12 00:00:00,1.84
SP500 Metals and Mining Mean,74.3766666666667,18.4133333333333,16.67,2.05,2.40666666666667,7.29333333333333,1.69666666666667,2.79333333333333,36.3866666666667,29.53,25.8666666666667,12.6366666666667,18.58,45.54,0.896666666666667,4.71333333333333,8846666666.66667,23.6733333333333,14.9766666666667,37.82,26146666666.6667,41400000000.0,43970000000.0,2.13333333333333,6.69,2022-11-19 00:00:00,1.82333333333333
SP500 Metals and Mining Mean,78.0066666666667,19.0166666666667,17.3566666666667,2.12666666666667,2.51333333333333,7.60333333333333,1.69666666666667,2.79333333333333,36.3866666666667,29.53,25.8666666666667,12.6366666666667,18.58,43.8033333333333,0.896666666666667,4.71333333333333,8846666666.66667,23.6733333333333,14.9766666666667,37.82,26146666666.6667,43163333333.3333,45733333333.3333,2.21,6.91,2022-11-26 00:00:00,1.90333333333333
SP500 Metals and Mining Mean,79.13,18.6433333333333,16.85,2.07,2.43666666666667,7.88666666666667,1.69666666666667,2.79333333333333,36.3866666666667,29.53,25.8666666666667,12.6366666666667,18.58,44.4866666666667,0.896666666666667,4.71333333333333,8846666666.66667,23.6733333333333,14.9766666666667,37.82,26146666666.6667,42136666666.6667,44706666666.6667,2.16,6.78666666666667,2022-12-03 00:00:00,1.96333333333333
SP500 Metals and Mining Mean,79.2766666666667,19.9166666666667,18.03,2.21666666666667,2.60666666666667,7.81666666666667,1.69666666666667,2.79333333333333,36.3866666666667,29.53,25.8666666666667,12.6366666666667,18.58,42.31,0.896666666666667,4.71333333333333,8846666666.66667,23.6733333333333,14.9766666666667,37.82,26146666666.6667,44766666666.6667,47336666666.6667,2.3,7.20333333333333,2022-12-10 00:00:00,1.93666666666667
SP500 Metals and Mining Mean,72.6066666666667,18.7,16.8066666666667,2.08333333333333,2.43666666666667,7.43,1.69666666666667,2.79333333333333,36.3866666666667,29.53,25.8666666666667,12.6366666666667,18.58,45.8733333333333,0.896666666666667,4.71333333333333,8846666666.66667,23.6733333333333,14.9766666666667,37.82,26146666666.6667,41756666666.6667,44326666666.6667,2.17,6.76666666666667,2022-12-19 00:00:00,1.83666666666667
SP500 Metals and Mining Mean,74.0266666666667,19.1733333333333,16.5,2.12,2.46,7.56,1.69666666666667,2.79333333333333,36.3866666666667,29.53,25.8666666666667,12.6366666666667,18.58,44.8933333333333,0.896666666666667,4.71333333333333,8846666666.66667,23.6733333333333,14.9766666666667,37.82,26146666666.6667,42310000000.0,44876666666.6667,2.20666666666667,6.91,2022-12-26 00:00:00,1.86666666666667
SP500 Metals and Mining Mean,73.0766666666667,19.1866666666667,18.9866666666667,2.12,2.45333333333333,7.57333333333333,1.69666666666667,2.79333333333333,36.3866666666667,29.53,25.8666666666667,12.6366666666667,18.58,45.1433333333333,0.896666666666667,4.71333333333333,8846666666.66667,23.6733333333333,14.9766666666667,37.82,26146666666.6667,42206666666.3333,44776666666.6667,2.20666666666667,6.90666666666667,2022-12-31 00:00:00,1.87333333333333
SP500 Metals and Mining Mean,76.0333333333333,19.2633333333333,16.7066666666667,2.14,2.49333333333333,8.00333333333333,1.69666666666667,2.79333333333333,36.3866666666667,29.53,25.8666666666667,12.6366666666667,18.58,44.6166666666667,0.896666666666667,4.71333333333333,8846666666.66667,23.6733333333333,14.9766666666667,37.82,26146666666.6667,42783333333.3333,45356666666.6667,2.22666666666667,6.95,2023-01-06 00:00:00,1.98666666666667
SP500 Metals and Mining Mean,84.7366666666667,21.57,18.9666666666667,2.38333333333333,2.76666666666667,8.72666666666667,1.69666666666667,2.79333333333333,36.3866666666667,29.53,25.8666666666667,12.6366666666667,18.58,39.71,0.896666666666667,4.71333333333333,8846666666.66667,23.6733333333333,14.9766666666667,37.82,26146666666.6667,47590000000.0,50156666666.6667,2.46333333333333,7.72666666666667,2023-01-13 00:00:00,2.17
SP500 Metals and Mining Mean,82.47,21.37,19.0133333333333,2.39333333333333,2.81666666666667,8.54,1.69666666666667,2.79333333333333,36.3866666666667,29.53,25.8666666666667,12.6366666666667,18.58,40.14,0.896666666666667,4.71333333333333,8846666666.66667,23.6733333333333,14.9766666666667,37.82,26146666666.6667,48123333333.3333,50696666666.6667,2.47333333333333,7.68666666666667,2023-01-20 00:00:00,2.11666666666667
SP500 Metals and Mining Mean,89.8,22.7133333333333,19.7333333333333,2.48666666666667,2.88,9.73666666666667,1.69666666666667,2.85666666666667,35.1733333333333,29.53,22.43,11.1366666666667,18.58,37.91,0.873333333333333,4.71333333333333,8110000000.0,22.2066666666667,13.9433333333333,37.9933333333333,25463333333.3333,50303333333.0,52993333333.3333,2.58,8.11666666666667,2023-01-29 00:00:00,2.3
SP500 Metals and Mining Mean,99.6675,18.81,16.925,2.14,2.815,8.3525,1.855,3.0825,35.8625,28.42,30.2775,14.315,21.095,38.0425,1.1625,4.785,7452500000.0,22.3725,14.795,35.3675,24662500000,43332500000.0,45192499999.75,2.1975,7.2475,2023-02-04 00:00:00,1.9875
SP500 Metals and Mining Mean,93.865,17.41,15.8475,2.005,2.6825,7.9,1.855,3.0825,35.8625,28.42,30.2775,14.315,21.095,40.3125,1.1625,4.785,7452500000.0,22.3725,14.795,35.3675,24662500000,41005000000.0,42860000000.0,2.0675,6.7925,2023-02-11 00:00:00,1.87
SP500 Metals and Mining Mean,96.1525,16.85,15.545,1.965,2.675,7.8775,1.855,3.0825,35.8625,28.42,30.2775,14.315,21.095,40.83,1.1625,4.785,7452500000.0,22.3725,14.795,35.3675,24662500000,40655000000.0,42600000000.0,2.03,6.6575,2023-02-17 00:00:00,1.8775
SP500 Metals and Mining Mean,91.7875,16.3025,15.04,1.9125,2.6275,7.52,1.8575,3.0825,36.195,28.6025,30.2775,14.3075,21.025,42.3425,1.1625,4.785,7507500000.0,22.345,14.795,35.3675,24662500000,39357500000.0,41312500000.0,1.9825,7.595,2023-02-25 00:00:00,1.7675
SP500 Metals and Mining Mean,98.8575,18.33,15.3875,1.915,2.65,8.0625,1.7675,2.96,37.7175,29.085,29.47,14.4075,21.0625,40.55,1.16,4.785,7587500000.0,23.1275,11.825,34.5875,24615000000,39500000000.0,41457500000.0,1.98,7.605,2023-03-04 00:00:00,1.8375
SP500 Metals and Mining Mean,94.2375,18.655,15.1575,1.9025,2.665,7.58,1.7675,2.96,37.7175,29.085,29.47,14.4075,21.0625,40.375,1.16,4.785,7587500000.0,23.1275,11.825,34.5875,24615000000,40265000000.0,42087500000.0,1.9475,6.6725,2023-03-11 00:00:00,1.7225
SP500 Metals and Mining Mean,83.3925,18.17,14.935,1.855,2.585,7.2675,1.8,2.96,37.7175,29.3125,29.47,14.4075,21.4125,43.5525,0.96,4.6925,7587500000.0,23.1275,11.825,34.5875,24615000000,36632500000.0,38585000000.0,1.8575,7.16,2023-03-18 00:00:00,1.61
SP500 Metals and Mining Mean,85.27,17.3675,14.0,1.8175,2.3625,7.535,1.8,2.96,37.7175,29.415,29.47,14.4075,15.6125,44.3125,1.2625,4.81,7587500000.0,23.1275,11.825,34.5875,24615000000,35990000000.0,37947500000.0,1.8875,7.4225,2023-03-24 00:00:00,1.66
SP500 Metals and Mining Mean,87.9375,17.605,13.8675,1.7625,2.375,7.825,1.8,2.96,37.7175,29.415,29.47,14.4075,21.3725,44.8225,0.96,4.6925,7587500000.0,23.1275,11.825,34.5875,24615000000,35975000000.0,37930000000.0,1.835,7.07,2023-04-01 00:00:00,1.7175
SP500 Metals and Mining Mean,84.77,17.795,13.655,1.79,2.4,7.9025,1.8,2.96,37.7175,29.415,29.47,14.4075,21.3725,45.28,0.96,4.6925,7587500000.0,23.1275,11.825,34.5875,24615000000,36352500000.0,38312500000.0,1.855,7.0975,2023-04-08 00:00:00,1.735
SP500 Metals and Mining Mean,86.5,17.9675,14.3825,1.945,2.53,8.0575,1.8,2.96,37.7175,29.415,29.47,14.4075,21.3725,42.175,0.96,4.6925,7587500000.0,23.1275,11.825,34.5875,24615000000,38557500000.0,40515000000.0,2.0075,7.8175,2023-04-14 00:00:00,1.755
SP500 Metals and Mining Mean,89.1075,18.1975,14.485,1.9625,2.5375,5.83,1.8,1.1725,19.005,29.415,4.1925,2.865,21.3725,41.6675,0.19,4.6925,3325000000.0,11.14,2.905,20.1675,8672500000,38962500000.0,40975000000.0,2.03,7.97,2023-04-22 00:00:00,1.705
SP500 Metals and Mining Mean,84.6,19.5375,14.31,1.975,2.47,5.0475,1.91,2.67,26.9725,28.4675,24.645,11.5725,21.12,42.595,0.8525,4.6925,5787500000.0,17.6275,11.1325,26.23,20720000000,38525000000.0,40510000000.0,2.0525,8.2775,2023-04-28 00:00:00,1.595
SP500 Metals and Mining Mean,80.22,19.0775,12.53,1.9025,2.3725,7.995,1.9075,3.265,34.7925,28.3575,24.0375,12.09,21.12,44.0875,0.925,4.6925,6685000000.0,20.4325,9.995,36.0175,23612500000,36502500000.0,38547500000.0,1.9475,7.915,2023-05-07 00:00:00,1.5525
SP500 Metals and Mining Mean,78.73,19.0775,12.53,1.9025,2.3725,7.6875,1.9075,3.265,34.7925,28.3575,24.0375,12.09,21.12,44.0875,0.925,4.6925,6685000000.0,20.4325,9.995,36.0175,23612500000,36502500000.0,38547500000.0,1.9475,7.915,2023-05-13 00:00:00,1.5025
SP500 Metals and Mining Mean,79.26,19.0775,12.53,1.9025,2.3725,7.6325,1.9125,3.265,34.99,28.3575,24.0375,12.09,21.12,44.0875,0.925,4.6925,6685000000.0,20.4325,9.995,36.0175,23612500000,36502500000.0,38547500000.0,1.9475,7.915,2023-05-20 00:00:00,1.49
SP500 Metals and Mining Mean,75.9225,19.0775,12.53,1.9025,2.3725,7.23,1.9125,3.265,34.99,28.3575,24.0375,12.09,21.12,44.0875,0.925,4.6925,6685000000.0,20.4325,9.995,36.0175,23612500000,36502500000.0,38547500000.0,1.9475,7.915,2023-05-27 00:00:00,1.4025
SP500 Metals and Mining Mean,75.785,19.0775,12.53,1.9025,2.3725,7.4575,1.9125,3.265,34.99,28.3575,24.0375,12.09,21.12,44.0875,0.925,4.6925,6685000000.0,20.4325,9.995,36.0175,23612500000,36502500000.0,38547500000.0,1.9475,7.915,2023-06-03 00:00:00,1.445
SP500 Metals and Mining Mean,81.77,19.06,12.5225,1.8,2.27,7.795,1.9125,3.265,34.99,28.3575,24.0375,12.09,21.12,47.0875,0.925,4.6925,6685000000.0,20.4325,9.995,36.0175,23612500000,35374999999.75,37445000000.0,1.8875,7.7325,2023-06-10 00:00:00,1.525
SP500 Metals and Mining Mean,84.98,19.4725,12.5475,1.855,2.355,8.1025,1.9125,3.265,34.99,28.3575,24.0375,12.09,21.12,45.425,0.925,4.6925,6685000000.0,20.4325,9.995,36.0175,23612500000,36819999999.75,38885000000.0,1.955,7.97,2023-06-16 00:00:00,1.59
SP500 Metals and Mining Mean,84.405,19.4175,12.52,1.8525,2.345,8.0175,1.9125,3.265,34.99,28.3575,24.0375,12.09,21.12,45.9025,0.925,4.6925,6685000000.0,20.4325,9.995,36.0175,23612500000,36565000000.0,38632500000.0,1.94,7.9125,2023-06-23 00:00:00,1.58
SP500 Metals and Mining Mean,88.4425,19.49,12.4775,1.85,2.3725,8.1125,1.9125,3.265,0.3499,28.3575,24.0375,12.09,21.12,44.5425,0.925,4.6925,6685000000.0,20.4325,9.995,36.0175,23612500000,37305000000.0,39372500000.0,1.9575,7.97,2023-06-30 00:00:00,1.6
SP500 Metals and Mining Mean,85.8975,19.5575,12.6175,1.8725,2.4,7.9,1.9125,3.265,0.3499,28.3575,24.0375,12.09,21.12,45.745,0.925,4.6925,6685000000.0,20.4325,9.995,36.0175,23612500000,36289999999.75,38357500000.0,1.9125,7.805,2023-07-08 00:00:00,1.57
SP500 Metals and Mining Mean,91.175,19.9775,13.815,1.9875,2.5125,8.5925,1.9125,3.265,0.3499,28.3575,24.0375,12.09,21.12,42.675,0.925,4.6925,6685000000.0,20.4325,9.995,36.0175,23612500000,39302500000.0,41372500000.0,2.07,8.435,2023-07-14 00:00:00,1.72
SP500 Metals and Mining Mean,88.1325,19.84,13.535,1.915,2.435,1.1825,1.9125,0.935,0.08565,28.3575,9.82,4.6625,21.12,44.52,0.34,4.6925,2572500000.0,5.7175,4.1825,7.885,9932500000,38190000000.0,40235000000.0,2.025,8.65,2023-07-21 00:00:00,1.75
